dataset_path,k,alpha,beta,gamma,test_select_accuracy,train_select_accuracy,test_sample_accuracy,train_sample_accuracy,num_verifiers,verifiers,train_file,test_file,dataset_name,dataset_type,model_size,greedy_score
wfang11/math500-llama70b-10-10-80-dev,5,1.0,0.25,0.25,0.92,0.92,0.9086,0.9086,5,"DeepSeekQwen (32B), EurusPRMStage2_avg_scores (7.62B), Qwen72B_scores (72B), EurusPRMStage2_max_scores (7.62B), QwenPRM_min_scores (7.63B)",results/math500-llama70b/weaver_train_k5_b0.25_g0.25.csv,results/math500-llama70b/weaver_test_k5_b0.25_g0.25.csv,math500-llama70b,MATH-500,70B,3.665849929225708
wfang11/math500-llama70b-10-10-80-dev,5,1.0,0.25,0.5,0.94,0.94,0.906,0.906,5,"DeepSeekQwen (32B), EurusPRMStage2_avg_scores (7.62B), EurusPRMStage2_max_scores (7.62B), QwenPRM_min_scores (7.63B), GPM (8B)",results/math500-llama70b/weaver_train_k5_b0.25_g0.5.csv,results/math500-llama70b/weaver_test_k5_b0.25_g0.5.csv,math500-llama70b,MATH-500,70B,3.604767267410323
wfang11/math500-llama70b-10-10-80-dev,5,1.0,0.25,1.0,0.94,0.94,0.9064,0.9064,5,"QwenPRM_avg_scores (7.63B), EurusPRMStage2_avg_scores (7.62B), EurusPRMStage2_max_scores (7.62B), DeepSeekQwen (32B), GPM (8B)",results/math500-llama70b/weaver_train_k5_b0.25_g1.0.csv,results/math500-llama70b/weaver_test_k5_b0.25_g1.0.csv,math500-llama70b,MATH-500,70B,3.5139961538085887
wfang11/math500-llama70b-10-10-80-dev,5,1.0,0.5,0.25,0.92,0.92,0.8802000000000001,0.8802000000000001,5,"DeepSeekQwen (32B), EurusPRMStage2_avg_scores (7.62B), GPM (8B), EurusPRMStage2_max_scores (7.62B), QwenPRM_max_scores (7.63B)",results/math500-llama70b/weaver_train_k5_b0.5_g0.25.csv,results/math500-llama70b/weaver_test_k5_b0.5_g0.25.csv,math500-llama70b,MATH-500,70B,3.4316627547251075
wfang11/math500-llama70b-10-10-80-dev,5,1.0,0.5,0.5,0.92,0.92,0.8802000000000001,0.8802000000000001,5,"DeepSeekQwen (32B), EurusPRMStage2_avg_scores (7.62B), GPM (8B), EurusPRMStage2_max_scores (7.62B), QwenPRM_max_scores (7.63B)",results/math500-llama70b/weaver_train_k5_b0.5_g0.5.csv,results/math500-llama70b/weaver_test_k5_b0.5_g0.5.csv,math500-llama70b,MATH-500,70B,3.3940084337374534
wfang11/math500-llama70b-10-10-80-dev,5,1.0,0.5,1.0,0.92,0.92,0.8478,0.8478,5,"QwenPRM_avg_scores (7.63B), GPM (8B), EurusPRMStage2_avg_scores (7.62B), EurusPRMStage2_max_scores (7.62B), InternLM2 (7B)",results/math500-llama70b/weaver_train_k5_b0.5_g1.0.csv,results/math500-llama70b/weaver_test_k5_b0.5_g1.0.csv,math500-llama70b,MATH-500,70B,3.2489821104360423
wfang11/math500-llama70b-10-10-80-dev,5,1.0,1.0,0.25,0.92,0.92,0.8802000000000001,0.8802000000000001,5,"DeepSeekQwen (32B), GPM (8B), EurusPRMStage2_avg_scores (7.62B), LDLReward (27.2B), QwenPRM_max_scores (7.63B)",results/math500-llama70b/weaver_train_k5_b1.0_g0.25.csv,results/math500-llama70b/weaver_test_k5_b1.0_g0.25.csv,math500-llama70b,MATH-500,70B,3.0748778206841525
wfang11/math500-llama70b-10-10-80-dev,5,1.0,1.0,0.5,0.92,0.92,0.8802000000000001,0.8802000000000001,5,"DeepSeekQwen (32B), GPM (8B), EurusPRMStage2_avg_scores (7.62B), QwenPRM_max_scores (7.63B), LDLReward (27.2B)",results/math500-llama70b/weaver_train_k5_b1.0_g0.5.csv,results/math500-llama70b/weaver_test_k5_b1.0_g0.5.csv,math500-llama70b,MATH-500,70B,3.0248778206841522
wfang11/math500-llama70b-10-10-80-dev,5,1.0,1.0,1.0,0.92,0.92,0.8478,0.8478,5,"QwenPRM_avg_scores (7.63B), GPM (8B), EurusPRMStage2_avg_scores (7.62B), LDLReward (27.2B), EurusPRMStage2_max_scores (7.62B)",results/math500-llama70b/weaver_train_k5_b1.0_g1.0.csv,results/math500-llama70b/weaver_test_k5_b1.0_g1.0.csv,math500-llama70b,MATH-500,70B,2.879005836293229
wfang11/math500-llama70b-10-10-80-dev,10,1.0,0.25,0.25,0.94,0.94,0.9312,0.9312,10,"DeepSeekQwen (32B), EurusPRMStage2_avg_scores (7.62B), Qwen72B_scores (72B), EurusPRMStage2_max_scores (7.62B), QwenPRM_min_scores (7.63B), GPM (8B), DeepSeekLlama (70B), QwenPRM_max_scores (7.63B), InternLM2 (7B), QwenPRM_avg_scores (7.63B)",results/math500-llama70b/weaver_train_k10_b0.25_g0.25.csv,results/math500-llama70b/weaver_test_k10_b0.25_g0.25.csv,math500-llama70b,MATH-500,70B,6.909015376009378
wfang11/math500-llama70b-10-10-80-dev,10,1.0,0.25,0.5,0.94,0.94,0.9312,0.9312,10,"DeepSeekQwen (32B), EurusPRMStage2_avg_scores (7.62B), EurusPRMStage2_max_scores (7.62B), QwenPRM_min_scores (7.63B), GPM (8B), Qwen72B_scores (72B), QwenPRM_max_scores (7.63B), InternLM2 (7B), DeepSeekLlama (70B), QwenPRM_avg_scores (7.63B)",results/math500-llama70b/weaver_train_k10_b0.25_g0.5.csv,results/math500-llama70b/weaver_test_k10_b0.25_g0.5.csv,math500-llama70b,MATH-500,70B,6.771663213294612
wfang11/math500-llama70b-10-10-80-dev,10,1.0,0.25,1.0,0.94,0.94,0.907,0.907,10,"QwenPRM_avg_scores (7.63B), EurusPRMStage2_avg_scores (7.62B), EurusPRMStage2_max_scores (7.62B), DeepSeekQwen (32B), GPM (8B), InternLM2 (7B), QwenPRM_max_scores (7.63B), QwenPRM_min_scores (7.63B), Skyworks (8B), Qwen72B_scores (72B)",results/math500-llama70b/weaver_train_k10_b0.25_g1.0.csv,results/math500-llama70b/weaver_test_k10_b0.25_g1.0.csv,math500-llama70b,MATH-500,70B,6.514066449724868
wfang11/math500-llama70b-10-10-80-dev,10,1.0,0.5,0.25,0.94,0.94,0.9306,0.9306,10,"DeepSeekQwen (32B), EurusPRMStage2_avg_scores (7.62B), GPM (8B), EurusPRMStage2_max_scores (7.62B), QwenPRM_max_scores (7.63B), Qwen72B_scores (72B), InternLM2 (7B), QwenPRM_min_scores (7.63B), DeepSeekLlama (70B), LDLReward (27.2B)",results/math500-llama70b/weaver_train_k10_b0.5_g0.25.csv,results/math500-llama70b/weaver_test_k10_b0.5_g0.25.csv,math500-llama70b,MATH-500,70B,6.079978639210145
wfang11/math500-llama70b-10-10-80-dev,10,1.0,0.5,0.5,0.94,0.94,0.9306,0.9306,10,"DeepSeekQwen (32B), EurusPRMStage2_avg_scores (7.62B), GPM (8B), EurusPRMStage2_max_scores (7.62B), QwenPRM_max_scores (7.63B), InternLM2 (7B), QwenPRM_min_scores (7.63B), Qwen72B_scores (72B), LDLReward (27.2B), DeepSeekLlama (70B)",results/math500-llama70b/weaver_train_k10_b0.5_g0.5.csv,results/math500-llama70b/weaver_test_k10_b0.5_g0.5.csv,math500-llama70b,MATH-500,70B,5.929361355259529
wfang11/math500-llama70b-10-10-80-dev,10,1.0,0.5,1.0,0.94,0.94,0.915,0.915,10,"QwenPRM_avg_scores (7.63B), GPM (8B), EurusPRMStage2_avg_scores (7.62B), EurusPRMStage2_max_scores (7.62B), InternLM2 (7B), DeepSeekQwen (32B), QwenPRM_max_scores (7.63B), LDLReward (27.2B), Qwen72B_scores (72B), Skyworks (8B)",results/math500-llama70b/weaver_train_k10_b0.5_g1.0.csv,results/math500-llama70b/weaver_test_k10_b0.5_g1.0.csv,math500-llama70b,MATH-500,70B,5.584872787849649
wfang11/math500-llama70b-10-10-80-dev,10,1.0,1.0,0.25,0.94,0.94,0.9306,0.9306,10,"DeepSeekQwen (32B), GPM (8B), EurusPRMStage2_avg_scores (7.62B), LDLReward (27.2B), QwenPRM_max_scores (7.63B), EurusPRMStage2_max_scores (7.62B), InternLM2 (7B), Qwen72B_scores (72B), QwenPRM_min_scores (7.63B), DeepSeekLlama (70B)",results/math500-llama70b/weaver_train_k10_b1.0_g0.25.csv,results/math500-llama70b/weaver_test_k10_b1.0_g0.25.csv,math500-llama70b,MATH-500,70B,4.627372734136516
wfang11/math500-llama70b-10-10-80-dev,10,1.0,1.0,0.5,0.94,0.94,0.8880000000000001,0.8880000000000001,10,"DeepSeekQwen (32B), GPM (8B), EurusPRMStage2_avg_scores (7.62B), QwenPRM_max_scores (7.63B), LDLReward (27.2B), EurusPRMStage2_max_scores (7.62B), InternLM2 (7B), QwenPRM_min_scores (7.63B), Qwen72B_scores (72B), EurusPRMStage1_avg_scores (7.62B)",results/math500-llama70b/weaver_train_k10_b1.0_g0.5.csv,results/math500-llama70b/weaver_test_k10_b1.0_g0.5.csv,math500-llama70b,MATH-500,70B,4.488605388336958
wfang11/math500-llama70b-10-10-80-dev,10,1.0,1.0,1.0,0.94,0.94,0.8888000000000001,0.8888000000000001,10,"QwenPRM_avg_scores (7.63B), GPM (8B), EurusPRMStage2_avg_scores (7.62B), LDLReward (27.2B), EurusPRMStage2_max_scores (7.62B), QwenPRM_max_scores (7.63B), InternLM2 (7B), DeepSeekQwen (32B), Qwen72B_scores (72B), EurusPRMStage1_avg_scores (7.62B)",results/math500-llama70b/weaver_train_k10_b1.0_g1.0.csv,results/math500-llama70b/weaver_test_k10_b1.0_g1.0.csv,math500-llama70b,MATH-500,70B,4.075718456778563
wfang11/math500-llama70b-10-10-80-dev,15,1.0,0.25,0.25,0.94,0.94,0.9202,0.9202,15,"DeepSeekQwen (32B), EurusPRMStage2_avg_scores (7.62B), Qwen72B_scores (72B), EurusPRMStage2_max_scores (7.62B), QwenPRM_min_scores (7.63B), GPM (8B), DeepSeekLlama (70B), QwenPRM_max_scores (7.63B), InternLM2 (7B), QwenPRM_avg_scores (7.63B), Skyworks (8B), ArmorRM (8B), EurusPRMStage2_min_scores (7.62B), LDLReward (27.2B), QRM (8B)",results/math500-llama70b/weaver_train_k15_b0.25_g0.25.csv,results/math500-llama70b/weaver_test_k15_b0.25_g0.25.csv,math500-llama70b,MATH-500,70B,9.66563375975558
wfang11/math500-llama70b-10-10-80-dev,15,1.0,0.25,0.5,0.94,0.94,0.9202,0.9202,15,"DeepSeekQwen (32B), EurusPRMStage2_avg_scores (7.62B), EurusPRMStage2_max_scores (7.62B), QwenPRM_min_scores (7.63B), GPM (8B), Qwen72B_scores (72B), QwenPRM_max_scores (7.63B), InternLM2 (7B), DeepSeekLlama (70B), QwenPRM_avg_scores (7.63B), Skyworks (8B), ArmorRM (8B), EurusPRMStage2_min_scores (7.62B), QRM (8B), LDLReward (27.2B)",results/math500-llama70b/weaver_train_k15_b0.25_g0.5.csv,results/math500-llama70b/weaver_test_k15_b0.25_g0.5.csv,math500-llama70b,MATH-500,70B,9.492479127905014
wfang11/math500-llama70b-10-10-80-dev,15,1.0,0.25,1.0,0.94,0.94,0.9194,0.9194,15,"QwenPRM_avg_scores (7.63B), EurusPRMStage2_avg_scores (7.62B), EurusPRMStage2_max_scores (7.62B), DeepSeekQwen (32B), GPM (8B), InternLM2 (7B), QwenPRM_max_scores (7.63B), QwenPRM_min_scores (7.63B), Skyworks (8B), Qwen72B_scores (72B), ArmorRM (8B), DeepSeekLlama (70B), EurusPRMStage2_min_scores (7.62B), QRM (8B), EurusPRMStage1_min_scores (7.62B)",results/math500-llama70b/weaver_train_k15_b0.25_g1.0.csv,results/math500-llama70b/weaver_test_k15_b0.25_g1.0.csv,math500-llama70b,MATH-500,70B,9.135641606520052
wfang11/math500-llama70b-10-10-80-dev,15,1.0,0.5,0.25,0.94,0.94,0.9168,0.9168,15,"DeepSeekQwen (32B), EurusPRMStage2_avg_scores (7.62B), GPM (8B), EurusPRMStage2_max_scores (7.62B), QwenPRM_max_scores (7.63B), Qwen72B_scores (72B), InternLM2 (7B), QwenPRM_min_scores (7.63B), DeepSeekLlama (70B), LDLReward (27.2B), Skyworks (8B), ArmorRM (8B), QwenPRM_avg_scores (7.63B), EurusPRMStage1_min_scores (7.62B), SkyT1 (32B)",results/math500-llama70b/weaver_train_k15_b0.5_g0.25.csv,results/math500-llama70b/weaver_test_k15_b0.5_g0.25.csv,math500-llama70b,MATH-500,70B,8.106328676883088
wfang11/math500-llama70b-10-10-80-dev,15,1.0,0.5,0.5,0.94,0.94,0.9168,0.9168,15,"DeepSeekQwen (32B), EurusPRMStage2_avg_scores (7.62B), GPM (8B), EurusPRMStage2_max_scores (7.62B), QwenPRM_max_scores (7.63B), InternLM2 (7B), QwenPRM_min_scores (7.63B), Qwen72B_scores (72B), LDLReward (27.2B), DeepSeekLlama (70B), Skyworks (8B), ArmorRM (8B), QwenPRM_avg_scores (7.63B), EurusPRMStage1_min_scores (7.62B), SkyT1 (32B)",results/math500-llama70b/weaver_train_k15_b0.5_g0.5.csv,results/math500-llama70b/weaver_test_k15_b0.5_g0.5.csv,math500-llama70b,MATH-500,70B,7.9174397879942
wfang11/math500-llama70b-10-10-80-dev,15,1.0,0.5,1.0,0.94,0.94,0.9254,0.9254,15,"QwenPRM_avg_scores (7.63B), GPM (8B), EurusPRMStage2_avg_scores (7.62B), EurusPRMStage2_max_scores (7.62B), InternLM2 (7B), DeepSeekQwen (32B), QwenPRM_max_scores (7.63B), LDLReward (27.2B), Qwen72B_scores (72B), Skyworks (8B), ArmorRM (8B), QwenPRM_min_scores (7.63B), EurusPRMStage1_min_scores (7.62B), DeepSeekLlama (70B), URM (8B)",results/math500-llama70b/weaver_train_k15_b0.5_g1.0.csv,results/math500-llama70b/weaver_test_k15_b0.5_g1.0.csv,math500-llama70b,MATH-500,70B,7.445758215246261
wfang11/math500-llama70b-10-10-80-dev,15,1.0,1.0,0.25,0.94,0.94,0.917,0.917,15,"DeepSeekQwen (32B), GPM (8B), EurusPRMStage2_avg_scores (7.62B), LDLReward (27.2B), QwenPRM_max_scores (7.63B), EurusPRMStage2_max_scores (7.62B), InternLM2 (7B), Qwen72B_scores (72B), QwenPRM_min_scores (7.63B), DeepSeekLlama (70B), SkyT1 (32B), EurusPRMStage1_avg_scores (7.62B), Llama-3.3-70B Instruct, EurusPRMStage1_min_scores (7.62B), ArmorRM (8B)",results/math500-llama70b/weaver_train_k15_b1.0_g0.25.csv,results/math500-llama70b/weaver_test_k15_b1.0_g0.25.csv,math500-llama70b,MATH-500,70B,5.325109816446771
wfang11/math500-llama70b-10-10-80-dev,15,1.0,1.0,0.5,0.94,0.94,0.9196,0.9196,15,"DeepSeekQwen (32B), GPM (8B), EurusPRMStage2_avg_scores (7.62B), QwenPRM_max_scores (7.63B), LDLReward (27.2B), EurusPRMStage2_max_scores (7.62B), InternLM2 (7B), QwenPRM_min_scores (7.63B), Qwen72B_scores (72B), EurusPRMStage1_avg_scores (7.62B), SkyT1 (32B), DeepSeekLlama (70B), EurusPRMStage1_min_scores (7.62B), ArmorRM (8B), Skyworks (8B)",results/math500-llama70b/weaver_train_k15_b1.0_g0.5.csv,results/math500-llama70b/weaver_test_k15_b1.0_g0.5.csv,math500-llama70b,MATH-500,70B,5.124687377540854
wfang11/math500-llama70b-10-10-80-dev,15,1.0,1.0,1.0,0.94,0.94,0.9198000000000002,0.9198000000000002,15,"QwenPRM_avg_scores (7.63B), GPM (8B), EurusPRMStage2_avg_scores (7.62B), LDLReward (27.2B), EurusPRMStage2_max_scores (7.62B), QwenPRM_max_scores (7.63B), InternLM2 (7B), DeepSeekQwen (32B), Qwen72B_scores (72B), EurusPRMStage1_avg_scores (7.62B), EurusPRMStage1_min_scores (7.62B), ArmorRM (8B), Skyworks (8B), SkyT1 (32B), DeepSeekLlama (70B)",results/math500-llama70b/weaver_train_k15_b1.0_g1.0.csv,results/math500-llama70b/weaver_test_k15_b1.0_g1.0.csv,math500-llama70b,MATH-500,70B,4.5321513453549445
wfang11/math500-llama8b-10-10-80-dev,5,1.0,0.25,0.25,0.78,0.78,0.8084,0.8084,5,"QwenPRM_min_scores (7.63B), InternLM2 (7B), EurusPRMStage1_min_scores (7.62B), EurusPRMStage1_max_scores (7.62B), EurusPRMStage1_avg_scores (7.62B)",results/math500-llama8b/weaver_train_k5_b0.25_g0.25.csv,results/math500-llama8b/weaver_test_k5_b0.25_g0.25.csv,math500-llama8b,MATH-500,8B,2.7319906880435996
wfang11/math500-llama8b-10-10-80-dev,5,1.0,0.25,0.5,0.78,0.78,0.8084,0.8084,5,"InternLM2 (7B), EurusPRMStage1_max_scores (7.62B), QwenPRM_min_scores (7.63B), EurusPRMStage1_min_scores (7.62B), EurusPRMStage1_avg_scores (7.62B)",results/math500-llama8b/weaver_train_k5_b0.25_g0.5.csv,results/math500-llama8b/weaver_test_k5_b0.25_g0.5.csv,math500-llama8b,MATH-500,8B,1.9389722441331239
wfang11/math500-llama8b-10-10-80-dev,5,1.0,0.25,1.0,0.78,0.78,0.8084,0.8084,5,"InternLM2 (7B), GRM_GEMMA (2B), EurusPRMStage1_max_scores (7.62B), QwenPRM_min_scores (7.63B), EurusPRMStage1_min_scores (7.62B)",results/math500-llama8b/weaver_train_k5_b0.25_g1.0.csv,results/math500-llama8b/weaver_test_k5_b0.25_g1.0.csv,math500-llama8b,MATH-500,8B,0.42675571869032136
wfang11/math500-llama8b-10-10-80-dev,5,1.0,0.5,0.25,0.78,0.78,0.8084,0.8084,5,"QwenPRM_min_scores (7.63B), InternLM2 (7B), EurusPRMStage1_min_scores (7.62B), EurusPRMStage1_max_scores (7.62B), EurusPRMStage1_avg_scores (7.62B)",results/math500-llama8b/weaver_train_k5_b0.5_g0.25.csv,results/math500-llama8b/weaver_test_k5_b0.5_g0.25.csv,math500-llama8b,MATH-500,8B,2.2409742432654114
wfang11/math500-llama8b-10-10-80-dev,5,1.0,0.5,0.5,0.84,0.84,0.7213999999999998,0.7213999999999998,5,"InternLM2 (7B), EurusPRMStage1_max_scores (7.62B), QwenPRM_avg_scores (7.63B), EurusPRMStage1_min_scores (7.62B), QwenPRM_min_scores (7.63B)",results/math500-llama8b/weaver_train_k5_b0.5_g0.5.csv,results/math500-llama8b/weaver_test_k5_b0.5_g0.5.csv,math500-llama8b,MATH-500,8B,1.5548149937108802
wfang11/math500-llama8b-10-10-80-dev,5,1.0,0.5,1.0,0.84,0.84,0.8173999999999999,0.8173999999999999,5,"InternLM2 (7B), EurusPRMStage1_max_scores (7.62B), GRM_GEMMA (2B), QwenPRM_avg_scores (7.63B), EurusPRMStage1_min_scores (7.62B)",results/math500-llama8b/weaver_train_k5_b0.5_g1.0.csv,results/math500-llama8b/weaver_test_k5_b0.5_g1.0.csv,math500-llama8b,MATH-500,8B,0.07194623201876282
wfang11/math500-llama8b-10-10-80-dev,5,1.0,1.0,0.25,0.78,0.78,0.6616000000000001,0.6616000000000001,5,"QwenPRM_min_scores (7.63B), GRM_LLama32 (3B), GPM (8B), EurusPRMStage1_min_scores (7.62B), EurusPRMStage1_max_scores (7.62B)",results/math500-llama8b/weaver_train_k5_b1.0_g0.25.csv,results/math500-llama8b/weaver_test_k5_b1.0_g0.25.csv,math500-llama8b,MATH-500,8B,1.6232562487121833
wfang11/math500-llama8b-10-10-80-dev,5,1.0,1.0,0.5,0.74,0.74,0.7478000000000001,0.7478000000000001,5,"InternLM2 (7B), GPM (8B), EurusPRMStage1_avg_scores (7.62B), QwenPRM_avg_scores (7.63B), GRM_GEMMA (2B)",results/math500-llama8b/weaver_train_k5_b1.0_g0.5.csv,results/math500-llama8b/weaver_test_k5_b1.0_g0.5.csv,math500-llama8b,MATH-500,8B,1.1856595897696842
wfang11/math500-llama8b-10-10-80-dev,5,1.0,1.0,1.0,0.74,0.74,0.7478000000000001,0.7478000000000001,5,"InternLM2 (7B), GPM (8B), EurusPRMStage1_avg_scores (7.62B), GRM_GEMMA (2B), QwenPRM_avg_scores (7.63B)",results/math500-llama8b/weaver_train_k5_b1.0_g1.0.csv,results/math500-llama8b/weaver_test_k5_b1.0_g1.0.csv,math500-llama8b,MATH-500,8B,-0.31434041023031567
wfang11/math500-llama8b-10-10-80-dev,10,1.0,0.25,0.25,0.76,0.76,0.7654000000000001,0.7654000000000001,10,"QwenPRM_min_scores (7.63B), InternLM2 (7B), EurusPRMStage1_min_scores (7.62B), EurusPRMStage1_max_scores (7.62B), EurusPRMStage1_avg_scores (7.62B), QwenPRM_avg_scores (7.63B), EurusPRMStage2_max_scores (7.62B), EurusPRMStage2_avg_scores (7.62B), QwenPRM_max_scores (7.63B), GPM (8B)",results/math500-llama8b/weaver_train_k10_b0.25_g0.25.csv,results/math500-llama8b/weaver_test_k10_b0.25_g0.25.csv,math500-llama8b,MATH-500,8B,4.472450224849014
wfang11/math500-llama8b-10-10-80-dev,10,1.0,0.25,0.5,0.78,0.78,0.7589999999999998,0.7589999999999998,10,"InternLM2 (7B), EurusPRMStage1_max_scores (7.62B), QwenPRM_min_scores (7.63B), EurusPRMStage1_min_scores (7.62B), EurusPRMStage1_avg_scores (7.62B), QwenPRM_avg_scores (7.63B), GRM_GEMMA (2B), EurusPRMStage2_max_scores (7.62B), EurusPRMStage2_avg_scores (7.62B), QwenPRM_max_scores (7.63B)",results/math500-llama8b/weaver_train_k10_b0.25_g0.5.csv,results/math500-llama8b/weaver_test_k10_b0.25_g0.5.csv,math500-llama8b,MATH-500,8B,2.701880861917302
wfang11/math500-llama8b-10-10-80-dev,10,1.0,0.25,1.0,0.78,0.78,0.7498,0.7498,10,"InternLM2 (7B), GRM_GEMMA (2B), EurusPRMStage1_max_scores (7.62B), QwenPRM_min_scores (7.63B), EurusPRMStage1_min_scores (7.62B), EurusPRMStage1_avg_scores (7.62B), GRM_LLama32 (3B), QwenPRM_avg_scores (7.63B), EurusPRMStage2_max_scores (7.62B), EurusPRMStage2_avg_scores (7.62B)",results/math500-llama8b/weaver_train_k10_b0.25_g1.0.csv,results/math500-llama8b/weaver_test_k10_b0.25_g1.0.csv,math500-llama8b,MATH-500,8B,-0.7611977491123968
wfang11/math500-llama8b-10-10-80-dev,10,1.0,0.5,0.25,0.76,0.76,0.7654000000000001,0.7654000000000001,10,"QwenPRM_min_scores (7.63B), InternLM2 (7B), EurusPRMStage1_min_scores (7.62B), EurusPRMStage1_max_scores (7.62B), EurusPRMStage1_avg_scores (7.62B), QwenPRM_avg_scores (7.63B), EurusPRMStage2_max_scores (7.62B), EurusPRMStage2_avg_scores (7.62B), GPM (8B), QwenPRM_max_scores (7.63B)",results/math500-llama8b/weaver_train_k10_b0.5_g0.25.csv,results/math500-llama8b/weaver_test_k10_b0.5_g0.25.csv,math500-llama8b,MATH-500,8B,3.268026562950588
wfang11/math500-llama8b-10-10-80-dev,10,1.0,0.5,0.5,0.78,0.78,0.7589999999999998,0.7589999999999998,10,"InternLM2 (7B), EurusPRMStage1_max_scores (7.62B), QwenPRM_avg_scores (7.63B), EurusPRMStage1_min_scores (7.62B), QwenPRM_min_scores (7.63B), EurusPRMStage1_avg_scores (7.62B), GRM_GEMMA (2B), EurusPRMStage2_max_scores (7.62B), EurusPRMStage2_avg_scores (7.62B), QwenPRM_max_scores (7.63B)",results/math500-llama8b/weaver_train_k10_b0.5_g0.5.csv,results/math500-llama8b/weaver_test_k10_b0.5_g0.5.csv,math500-llama8b,MATH-500,8B,1.569037583032367
wfang11/math500-llama8b-10-10-80-dev,10,1.0,0.5,1.0,0.78,0.78,0.7498,0.7498,10,"InternLM2 (7B), EurusPRMStage1_max_scores (7.62B), GRM_GEMMA (2B), QwenPRM_avg_scores (7.63B), EurusPRMStage1_min_scores (7.62B), QwenPRM_min_scores (7.63B), EurusPRMStage1_avg_scores (7.62B), GRM_LLama32 (3B), EurusPRMStage2_max_scores (7.62B), EurusPRMStage2_avg_scores (7.62B)",results/math500-llama8b/weaver_train_k10_b0.5_g1.0.csv,results/math500-llama8b/weaver_test_k10_b0.5_g1.0.csv,math500-llama8b,MATH-500,8B,-1.9786156303171427
wfang11/math500-llama8b-10-10-80-dev,10,1.0,1.0,0.25,0.76,0.76,0.7654000000000001,0.7654000000000001,10,"QwenPRM_min_scores (7.63B), GRM_LLama32 (3B), GPM (8B), EurusPRMStage1_min_scores (7.62B), EurusPRMStage1_max_scores (7.62B), InternLM2 (7B), QwenPRM_max_scores (7.63B), QwenPRM_avg_scores (7.63B), EurusPRMStage2_avg_scores (7.62B), EurusPRMStage1_avg_scores (7.62B)",results/math500-llama8b/weaver_train_k10_b1.0_g0.25.csv,results/math500-llama8b/weaver_test_k10_b1.0_g0.25.csv,math500-llama8b,MATH-500,8B,1.5565591538335082
wfang11/math500-llama8b-10-10-80-dev,10,1.0,1.0,0.5,0.78,0.78,0.7681999999999999,0.7681999999999999,10,"InternLM2 (7B), GPM (8B), EurusPRMStage1_avg_scores (7.62B), QwenPRM_avg_scores (7.63B), GRM_GEMMA (2B), EurusPRMStage2_min_scores (7.62B), EurusPRMStage2_max_scores (7.62B), QwenPRM_min_scores (7.63B), EurusPRMStage1_min_scores (7.62B), QwenPRM_max_scores (7.63B)",results/math500-llama8b/weaver_train_k10_b1.0_g0.5.csv,results/math500-llama8b/weaver_test_k10_b1.0_g0.5.csv,math500-llama8b,MATH-500,8B,-0.24988431033123637
wfang11/math500-llama8b-10-10-80-dev,10,1.0,1.0,1.0,0.78,0.78,0.7681999999999999,0.7681999999999999,10,"InternLM2 (7B), GPM (8B), EurusPRMStage1_avg_scores (7.62B), GRM_GEMMA (2B), QwenPRM_avg_scores (7.63B), EurusPRMStage2_min_scores (7.62B), EurusPRMStage2_max_scores (7.62B), QwenPRM_min_scores (7.63B), EurusPRMStage1_min_scores (7.62B), QwenPRM_max_scores (7.63B)",results/math500-llama8b/weaver_train_k10_b1.0_g1.0.csv,results/math500-llama8b/weaver_test_k10_b1.0_g1.0.csv,math500-llama8b,MATH-500,8B,-3.937384310331236
wfang11/math500-llama8b-10-10-80-dev,15,1.0,0.25,0.25,0.78,0.78,0.7680000000000001,0.7680000000000001,14,"QwenPRM_min_scores (7.63B), InternLM2 (7B), EurusPRMStage1_min_scores (7.62B), EurusPRMStage1_max_scores (7.62B), EurusPRMStage1_avg_scores (7.62B), QwenPRM_avg_scores (7.63B), EurusPRMStage2_max_scores (7.62B), EurusPRMStage2_avg_scores (7.62B), QwenPRM_max_scores (7.63B), GPM (8B), EurusPRMStage2_min_scores (7.62B), GRM_GEMMA (2B), GRM (8B), GRM_LLama32 (3B)",results/math500-llama8b/weaver_train_k15_b0.25_g0.25.csv,results/math500-llama8b/weaver_test_k15_b0.25_g0.25.csv,math500-llama8b,MATH-500,8B,5.411102375977766
wfang11/math500-llama8b-10-10-80-dev,15,1.0,0.25,0.5,0.78,0.78,0.7680000000000001,0.7680000000000001,14,"InternLM2 (7B), EurusPRMStage1_max_scores (7.62B), QwenPRM_min_scores (7.63B), EurusPRMStage1_min_scores (7.62B), EurusPRMStage1_avg_scores (7.62B), QwenPRM_avg_scores (7.63B), GRM_GEMMA (2B), EurusPRMStage2_max_scores (7.62B), EurusPRMStage2_avg_scores (7.62B), QwenPRM_max_scores (7.63B), EurusPRMStage2_min_scores (7.62B), GPM (8B), GRM_LLama32 (3B), GRM (8B)",results/math500-llama8b/weaver_train_k15_b0.25_g0.5.csv,results/math500-llama8b/weaver_test_k15_b0.25_g0.5.csv,math500-llama8b,MATH-500,8B,2.6493339320672904
wfang11/math500-llama8b-10-10-80-dev,15,1.0,0.25,1.0,0.78,0.78,0.7680000000000001,0.7680000000000001,14,"InternLM2 (7B), GRM_GEMMA (2B), EurusPRMStage1_max_scores (7.62B), QwenPRM_min_scores (7.63B), EurusPRMStage1_min_scores (7.62B), EurusPRMStage1_avg_scores (7.62B), GRM_LLama32 (3B), QwenPRM_avg_scores (7.63B), EurusPRMStage2_max_scores (7.62B), EurusPRMStage2_avg_scores (7.62B), QwenPRM_max_scores (7.63B), EurusPRMStage2_min_scores (7.62B), GPM (8B), GRM (8B)",results/math500-llama8b/weaver_train_k15_b0.25_g1.0.csv,results/math500-llama8b/weaver_test_k15_b0.25_g1.0.csv,math500-llama8b,MATH-500,8B,-3.0381660679327096
wfang11/math500-llama8b-10-10-80-dev,15,1.0,0.5,0.25,0.78,0.78,0.7680000000000001,0.7680000000000001,14,"QwenPRM_min_scores (7.63B), InternLM2 (7B), EurusPRMStage1_min_scores (7.62B), EurusPRMStage1_max_scores (7.62B), EurusPRMStage1_avg_scores (7.62B), QwenPRM_avg_scores (7.63B), EurusPRMStage2_max_scores (7.62B), EurusPRMStage2_avg_scores (7.62B), GPM (8B), QwenPRM_max_scores (7.63B), GRM_GEMMA (2B), EurusPRMStage2_min_scores (7.62B), GRM (8B), GRM_LLama32 (3B)",results/math500-llama8b/weaver_train_k15_b0.5_g0.25.csv,results/math500-llama8b/weaver_test_k15_b0.5_g0.25.csv,math500-llama8b,MATH-500,8B,3.234739010114047
wfang11/math500-llama8b-10-10-80-dev,15,1.0,0.5,0.5,0.78,0.78,0.7680000000000001,0.7680000000000001,14,"InternLM2 (7B), EurusPRMStage1_max_scores (7.62B), QwenPRM_avg_scores (7.63B), EurusPRMStage1_min_scores (7.62B), QwenPRM_min_scores (7.63B), EurusPRMStage1_avg_scores (7.62B), GRM_GEMMA (2B), EurusPRMStage2_max_scores (7.62B), EurusPRMStage2_avg_scores (7.62B), QwenPRM_max_scores (7.63B), GPM (8B), EurusPRMStage2_min_scores (7.62B), GRM_LLama32 (3B), GRM (8B)",results/math500-llama8b/weaver_train_k15_b0.5_g0.5.csv,results/math500-llama8b/weaver_test_k15_b0.5_g0.5.csv,math500-llama8b,MATH-500,8B,0.5853152004508757
wfang11/math500-llama8b-10-10-80-dev,15,1.0,0.5,1.0,0.78,0.78,0.7680000000000001,0.7680000000000001,14,"InternLM2 (7B), EurusPRMStage1_max_scores (7.62B), GRM_GEMMA (2B), QwenPRM_avg_scores (7.63B), EurusPRMStage1_min_scores (7.62B), QwenPRM_min_scores (7.63B), EurusPRMStage1_avg_scores (7.62B), GRM_LLama32 (3B), EurusPRMStage2_max_scores (7.62B), EurusPRMStage2_avg_scores (7.62B), QwenPRM_max_scores (7.63B), GPM (8B), EurusPRMStage2_min_scores (7.62B), GRM (8B)",results/math500-llama8b/weaver_train_k15_b0.5_g1.0.csv,results/math500-llama8b/weaver_test_k15_b0.5_g1.0.csv,math500-llama8b,MATH-500,8B,-5.102184799549124
wfang11/math500-llama8b-10-10-80-dev,15,1.0,1.0,0.25,0.78,0.78,0.7680000000000001,0.7680000000000001,14,"QwenPRM_min_scores (7.63B), GRM_LLama32 (3B), GPM (8B), EurusPRMStage1_min_scores (7.62B), EurusPRMStage1_max_scores (7.62B), InternLM2 (7B), QwenPRM_max_scores (7.63B), QwenPRM_avg_scores (7.63B), EurusPRMStage2_avg_scores (7.62B), EurusPRMStage1_avg_scores (7.62B), EurusPRMStage2_max_scores (7.62B), EurusPRMStage2_min_scores (7.62B), GRM (8B), GRM_GEMMA (2B)",results/math500-llama8b/weaver_train_k15_b1.0_g0.25.csv,results/math500-llama8b/weaver_test_k15_b1.0_g0.25.csv,math500-llama8b,MATH-500,8B,-0.28948783065003114
wfang11/math500-llama8b-10-10-80-dev,15,1.0,1.0,0.5,0.78,0.78,0.7680000000000001,0.7680000000000001,14,"InternLM2 (7B), GPM (8B), EurusPRMStage1_avg_scores (7.62B), QwenPRM_avg_scores (7.63B), GRM_GEMMA (2B), EurusPRMStage2_min_scores (7.62B), EurusPRMStage2_max_scores (7.62B), QwenPRM_min_scores (7.63B), EurusPRMStage1_min_scores (7.62B), QwenPRM_max_scores (7.63B), EurusPRMStage1_max_scores (7.62B), EurusPRMStage2_avg_scores (7.62B), GRM (8B), GRM_LLama32 (3B)",results/math500-llama8b/weaver_train_k15_b1.0_g0.5.csv,results/math500-llama8b/weaver_test_k15_b1.0_g0.5.csv,math500-llama8b,MATH-500,8B,-3.1443373832237453
wfang11/math500-llama8b-10-10-80-dev,15,1.0,1.0,1.0,0.78,0.78,0.7680000000000001,0.7680000000000001,14,"InternLM2 (7B), GPM (8B), EurusPRMStage1_avg_scores (7.62B), GRM_GEMMA (2B), QwenPRM_avg_scores (7.63B), EurusPRMStage2_min_scores (7.62B), EurusPRMStage2_max_scores (7.62B), QwenPRM_min_scores (7.63B), EurusPRMStage1_min_scores (7.62B), QwenPRM_max_scores (7.63B), EurusPRMStage1_max_scores (7.62B), GRM_LLama32 (3B), EurusPRMStage2_avg_scores (7.62B), GRM (8B)",results/math500-llama8b/weaver_train_k15_b1.0_g1.0.csv,results/math500-llama8b/weaver_test_k15_b1.0_g1.0.csv,math500-llama8b,MATH-500,8B,-8.831837383223744
wfang11/gpqa-llama70b-10-10-80-dev,5,1.0,0.25,0.25,0.53125,0.53125,0.8192187499999999,0.8192187499999999,5,"OffsetBias (8B), DeepSeekQwen (32B), ArmorRM (8B), Llama-3.3-70B Instruct, URM (8B)",results/gpqa-llama70b/weaver_train_k5_b0.25_g0.25.csv,results/gpqa-llama70b/weaver_test_k5_b0.25_g0.25.csv,gpqa-llama70b,GPQA,70B,3.276922131361365
wfang11/gpqa-llama70b-10-10-80-dev,5,1.0,0.25,0.5,0.5,0.5,0.775625,0.775625,5,"OffsetBias (8B), DeepSeekQwen (32B), ArmorRM (8B), URM (8B), GRM (8B)",results/gpqa-llama70b/weaver_train_k5_b0.25_g0.5.csv,results/gpqa-llama70b/weaver_test_k5_b0.25_g0.5.csv,gpqa-llama70b,GPQA,70B,3.22818241647834
wfang11/gpqa-llama70b-10-10-80-dev,5,1.0,0.25,1.0,0.5,0.5,0.775625,0.775625,5,"OffsetBias (8B), DeepSeekQwen (32B), ArmorRM (8B), URM (8B), GRM (8B)",results/gpqa-llama70b/weaver_train_k5_b0.25_g1.0.csv,results/gpqa-llama70b/weaver_test_k5_b0.25_g1.0.csv,gpqa-llama70b,GPQA,70B,3.1491700707993284
wfang11/gpqa-llama70b-10-10-80-dev,5,1.0,0.5,0.25,0.5625,0.5625,0.645,0.645,5,"OffsetBias (8B), EurusPRMStage1_max_scores (7.62B), DeepSeekQwen (32B), URM (8B), QwenPRM_max_scores (7.63B)",results/gpqa-llama70b/weaver_train_k5_b0.5_g0.25.csv,results/gpqa-llama70b/weaver_test_k5_b0.5_g0.25.csv,gpqa-llama70b,GPQA,70B,2.9649959370452703
wfang11/gpqa-llama70b-10-10-80-dev,5,1.0,0.5,0.5,0.5625,0.5625,0.645,0.645,5,"OffsetBias (8B), EurusPRMStage1_max_scores (7.62B), DeepSeekQwen (32B), URM (8B), QwenPRM_max_scores (7.63B)",results/gpqa-llama70b/weaver_train_k5_b0.5_g0.5.csv,results/gpqa-llama70b/weaver_test_k5_b0.5_g0.5.csv,gpqa-llama70b,GPQA,70B,2.926724332106999
wfang11/gpqa-llama70b-10-10-80-dev,5,1.0,0.5,1.0,0.5,0.5,0.775625,0.775625,5,"OffsetBias (8B), EurusPRMStage1_max_scores (7.62B), QwenPRM_avg_scores (7.63B), URM (8B), DeepSeekQwen (32B)",results/gpqa-llama70b/weaver_train_k5_b0.5_g1.0.csv,results/gpqa-llama70b/weaver_test_k5_b0.5_g1.0.csv,gpqa-llama70b,GPQA,70B,2.867466184907245
wfang11/gpqa-llama70b-10-10-80-dev,5,1.0,1.0,0.25,0.359375,0.359375,0.4146875,0.4146875,5,"OffsetBias (8B), EurusPRMStage1_max_scores (7.62B), QwenPRM_avg_scores (7.63B), GPM (8B), EurusPRMStage2_max_scores (7.62B)",results/gpqa-llama70b/weaver_train_k5_b1.0_g0.25.csv,results/gpqa-llama70b/weaver_test_k5_b1.0_g0.25.csv,gpqa-llama70b,GPQA,70B,2.868112447696372
wfang11/gpqa-llama70b-10-10-80-dev,5,1.0,1.0,0.5,0.359375,0.359375,0.4146875,0.4146875,5,"OffsetBias (8B), EurusPRMStage1_max_scores (7.62B), QwenPRM_avg_scores (7.63B), GPM (8B), EurusPRMStage2_max_scores (7.62B)",results/gpqa-llama70b/weaver_train_k5_b1.0_g0.5.csv,results/gpqa-llama70b/weaver_test_k5_b1.0_g0.5.csv,gpqa-llama70b,GPQA,70B,2.845272941523533
wfang11/gpqa-llama70b-10-10-80-dev,5,1.0,1.0,1.0,0.359375,0.359375,0.4146875,0.4146875,5,"OffsetBias (8B), EurusPRMStage1_max_scores (7.62B), QwenPRM_avg_scores (7.63B), GPM (8B), EurusPRMStage2_max_scores (7.62B)",results/gpqa-llama70b/weaver_train_k5_b1.0_g1.0.csv,results/gpqa-llama70b/weaver_test_k5_b1.0_g1.0.csv,gpqa-llama70b,GPQA,70B,2.799593929177853
wfang11/gpqa-llama70b-10-10-80-dev,10,1.0,0.25,0.25,0.53125,0.53125,0.8192187499999999,0.8192187499999999,10,"OffsetBias (8B), DeepSeekQwen (32B), ArmorRM (8B), Llama-3.3-70B Instruct, URM (8B), GRM (8B), Skyworks_Gemma (27.2B), DecisionTreeReward (8B), InternLM2 (20B), InternLM2 (7B)",results/gpqa-llama70b/weaver_train_k10_b0.25_g0.25.csv,results/gpqa-llama70b/weaver_test_k10_b0.25_g0.25.csv,gpqa-llama70b,GPQA,70B,6.080499499003218
wfang11/gpqa-llama70b-10-10-80-dev,10,1.0,0.25,0.5,0.53125,0.53125,0.8192187499999999,0.8192187499999999,10,"OffsetBias (8B), DeepSeekQwen (32B), ArmorRM (8B), URM (8B), GRM (8B), DecisionTreeReward (8B), Skyworks_Gemma (27.2B), InternLM2 (7B), Llama-3.3-70B Instruct, InternLM2 (20B)",results/gpqa-llama70b/weaver_train_k10_b0.25_g0.5.csv,results/gpqa-llama70b/weaver_test_k10_b0.25_g0.5.csv,gpqa-llama70b,GPQA,70B,5.95673502322252
wfang11/gpqa-llama70b-10-10-80-dev,10,1.0,0.25,1.0,0.5625,0.5625,0.645,0.645,10,"OffsetBias (8B), DeepSeekQwen (32B), ArmorRM (8B), URM (8B), GRM (8B), DecisionTreeReward (8B), InternLM2 (7B), QwenPRM_max_scores (7.63B), EurusPRMStage2_avg_scores (7.62B), QRM (8B)",results/gpqa-llama70b/weaver_train_k10_b0.25_g1.0.csv,results/gpqa-llama70b/weaver_test_k10_b0.25_g1.0.csv,gpqa-llama70b,GPQA,70B,5.806045198602088
wfang11/gpqa-llama70b-10-10-80-dev,10,1.0,0.5,0.25,0.625,0.625,0.8040625000000001,0.8040625000000001,10,"OffsetBias (8B), EurusPRMStage1_max_scores (7.62B), DeepSeekQwen (32B), URM (8B), QwenPRM_max_scores (7.63B), Llama-3.3-70B Instruct, EurusPRMStage2_max_scores (7.62B), GPM (8B), SkyT1 (32B), EurusPRMStage2_avg_scores (7.62B)",results/gpqa-llama70b/weaver_train_k10_b0.5_g0.25.csv,results/gpqa-llama70b/weaver_test_k10_b0.5_g0.25.csv,gpqa-llama70b,GPQA,70B,5.1231055886324475
wfang11/gpqa-llama70b-10-10-80-dev,10,1.0,0.5,0.5,0.625,0.625,0.8040625000000001,0.8040625000000001,10,"OffsetBias (8B), EurusPRMStage1_max_scores (7.62B), DeepSeekQwen (32B), URM (8B), QwenPRM_max_scores (7.63B), EurusPRMStage2_max_scores (7.62B), GPM (8B), Llama-3.3-70B Instruct, EurusPRMStage2_avg_scores (7.62B), SkyT1 (32B)",results/gpqa-llama70b/weaver_train_k10_b0.5_g0.5.csv,results/gpqa-llama70b/weaver_test_k10_b0.5_g0.5.csv,gpqa-llama70b,GPQA,70B,5.008290773817632
wfang11/gpqa-llama70b-10-10-80-dev,10,1.0,0.5,1.0,0.5625,0.5625,0.7,0.7,10,"OffsetBias (8B), EurusPRMStage1_max_scores (7.62B), QwenPRM_avg_scores (7.63B), URM (8B), DeepSeekQwen (32B), EurusPRMStage2_max_scores (7.62B), GPM (8B), EurusPRMStage2_avg_scores (7.62B), ArmorRM (8B), SkyT1 (32B)",results/gpqa-llama70b/weaver_train_k10_b0.5_g1.0.csv,results/gpqa-llama70b/weaver_test_k10_b0.5_g1.0.csv,gpqa-llama70b,GPQA,70B,4.811047265696169
wfang11/gpqa-llama70b-10-10-80-dev,10,1.0,1.0,0.25,0.59375,0.59375,0.75953125,0.75953125,10,"OffsetBias (8B), EurusPRMStage1_max_scores (7.62B), QwenPRM_avg_scores (7.63B), GPM (8B), EurusPRMStage2_max_scores (7.62B), URM (8B), DeepSeekQwen (32B), Qwen2.5-72B Instruct, Llama-3.3-70B Instruct, SkyT1 (32B)",results/gpqa-llama70b/weaver_train_k10_b1.0_g0.25.csv,results/gpqa-llama70b/weaver_test_k10_b1.0_g0.25.csv,gpqa-llama70b,GPQA,70B,4.176258966741632
wfang11/gpqa-llama70b-10-10-80-dev,10,1.0,1.0,0.5,0.59375,0.59375,0.75953125,0.75953125,10,"OffsetBias (8B), EurusPRMStage1_max_scores (7.62B), QwenPRM_avg_scores (7.63B), GPM (8B), EurusPRMStage2_max_scores (7.62B), URM (8B), DeepSeekQwen (32B), Qwen2.5-72B Instruct, Llama-3.3-70B Instruct, SkyT1 (32B)",results/gpqa-llama70b/weaver_train_k10_b1.0_g0.5.csv,results/gpqa-llama70b/weaver_test_k10_b1.0_g0.5.csv,gpqa-llama70b,GPQA,70B,4.021320695136694
wfang11/gpqa-llama70b-10-10-80-dev,10,1.0,1.0,1.0,0.625,0.625,0.7009375,0.7009375,10,"OffsetBias (8B), EurusPRMStage1_max_scores (7.62B), QwenPRM_avg_scores (7.63B), GPM (8B), EurusPRMStage2_max_scores (7.62B), URM (8B), DeepSeekQwen (32B), EurusPRMStage2_avg_scores (7.62B), SkyT1 (32B), EurusPRMStage1_min_scores (7.62B)",results/gpqa-llama70b/weaver_train_k10_b1.0_g1.0.csv,results/gpqa-llama70b/weaver_test_k10_b1.0_g1.0.csv,gpqa-llama70b,GPQA,70B,3.7656183185892194
wfang11/gpqa-llama70b-10-10-80-dev,15,1.0,0.25,0.25,0.625,0.625,0.7603125,0.7603125,15,"OffsetBias (8B), DeepSeekQwen (32B), ArmorRM (8B), Llama-3.3-70B Instruct, URM (8B), GRM (8B), Skyworks_Gemma (27.2B), DecisionTreeReward (8B), InternLM2 (20B), InternLM2 (7B), DecisionTreeReward Gemma (27.2B), QwenPRM_max_scores (7.63B), EurusPRMStage2_avg_scores (7.62B), QRM (8B), SkyT1 (32B)",results/gpqa-llama70b/weaver_train_k15_b0.25_g0.25.csv,results/gpqa-llama70b/weaver_test_k15_b0.25_g0.25.csv,gpqa-llama70b,GPQA,70B,8.751135328280252
wfang11/gpqa-llama70b-10-10-80-dev,15,1.0,0.25,0.5,0.578125,0.578125,0.79609375,0.79609375,15,"OffsetBias (8B), DeepSeekQwen (32B), ArmorRM (8B), URM (8B), GRM (8B), DecisionTreeReward (8B), Skyworks_Gemma (27.2B), InternLM2 (7B), Llama-3.3-70B Instruct, InternLM2 (20B), QwenPRM_max_scores (7.63B), EurusPRMStage2_avg_scores (7.62B), QRM (8B), DecisionTreeReward Gemma (27.2B), GRM_GEMMA (2B)",results/gpqa-llama70b/weaver_train_k15_b0.25_g0.5.csv,results/gpqa-llama70b/weaver_test_k15_b0.25_g0.5.csv,gpqa-llama70b,GPQA,70B,8.586638900508248
wfang11/gpqa-llama70b-10-10-80-dev,15,1.0,0.25,1.0,0.5625,0.5625,0.645,0.645,15,"OffsetBias (8B), DeepSeekQwen (32B), ArmorRM (8B), URM (8B), GRM (8B), DecisionTreeReward (8B), InternLM2 (7B), QwenPRM_max_scores (7.63B), EurusPRMStage2_avg_scores (7.62B), QRM (8B), Skyworks_Gemma (27.2B), InternLM2 (20B), GRM_GEMMA (2B), DecisionTreeReward Gemma (27.2B), GRM_LLama32 (3B)",results/gpqa-llama70b/weaver_train_k15_b0.25_g1.0.csv,results/gpqa-llama70b/weaver_test_k15_b0.25_g1.0.csv,gpqa-llama70b,GPQA,70B,8.320900009352838
wfang11/gpqa-llama70b-10-10-80-dev,15,1.0,0.5,0.25,0.640625,0.640625,0.7690625,0.7690625,15,"OffsetBias (8B), EurusPRMStage1_max_scores (7.62B), DeepSeekQwen (32B), URM (8B), QwenPRM_max_scores (7.63B), Llama-3.3-70B Instruct, EurusPRMStage2_max_scores (7.62B), GPM (8B), SkyT1 (32B), EurusPRMStage2_avg_scores (7.62B), Qwen2.5-72B Instruct, QwenPRM_min_scores (7.63B), ArmorRM (8B), Skyworks (8B), EurusPRMStage1_min_scores (7.62B)",results/gpqa-llama70b/weaver_train_k15_b0.5_g0.25.csv,results/gpqa-llama70b/weaver_test_k15_b0.5_g0.25.csv,gpqa-llama70b,GPQA,70B,6.938165196656373
wfang11/gpqa-llama70b-10-10-80-dev,15,1.0,0.5,0.5,0.640625,0.640625,0.7690625,0.7690625,15,"OffsetBias (8B), EurusPRMStage1_max_scores (7.62B), DeepSeekQwen (32B), URM (8B), QwenPRM_max_scores (7.63B), EurusPRMStage2_max_scores (7.62B), GPM (8B), Llama-3.3-70B Instruct, EurusPRMStage2_avg_scores (7.62B), SkyT1 (32B), QwenPRM_min_scores (7.63B), ArmorRM (8B), Skyworks (8B), Qwen2.5-72B Instruct, EurusPRMStage1_min_scores (7.62B)",results/gpqa-llama70b/weaver_train_k15_b0.5_g0.5.csv,results/gpqa-llama70b/weaver_test_k15_b0.5_g0.5.csv,gpqa-llama70b,GPQA,70B,6.760387418878595
wfang11/gpqa-llama70b-10-10-80-dev,15,1.0,0.5,1.0,0.65625,0.65625,0.75078125,0.75078125,15,"OffsetBias (8B), EurusPRMStage1_max_scores (7.62B), QwenPRM_avg_scores (7.63B), URM (8B), DeepSeekQwen (32B), EurusPRMStage2_max_scores (7.62B), GPM (8B), EurusPRMStage2_avg_scores (7.62B), ArmorRM (8B), SkyT1 (32B), GRM_LLama32 (3B), Llama-3.3-70B Instruct, EurusPRMStage1_min_scores (7.62B), GRM (8B), GRM_GEMMA (2B)",results/gpqa-llama70b/weaver_train_k15_b0.5_g1.0.csv,results/gpqa-llama70b/weaver_test_k15_b0.5_g1.0.csv,gpqa-llama70b,GPQA,70B,6.439792956495808
wfang11/gpqa-llama70b-10-10-80-dev,15,1.0,1.0,0.25,0.640625,0.640625,0.7690625,0.7690625,15,"OffsetBias (8B), EurusPRMStage1_max_scores (7.62B), QwenPRM_avg_scores (7.63B), GPM (8B), EurusPRMStage2_max_scores (7.62B), URM (8B), DeepSeekQwen (32B), Qwen2.5-72B Instruct, Llama-3.3-70B Instruct, SkyT1 (32B), EurusPRMStage2_avg_scores (7.62B), EurusPRMStage1_min_scores (7.62B), Skyworks (8B), QwenPRM_max_scores (7.63B), Qwen72B_scores (72B)",results/gpqa-llama70b/weaver_train_k15_b1.0_g0.25.csv,results/gpqa-llama70b/weaver_test_k15_b1.0_g0.25.csv,gpqa-llama70b,GPQA,70B,4.580739188780585
wfang11/gpqa-llama70b-10-10-80-dev,15,1.0,1.0,0.5,0.640625,0.640625,0.7690625,0.7690625,15,"OffsetBias (8B), EurusPRMStage1_max_scores (7.62B), QwenPRM_avg_scores (7.63B), GPM (8B), EurusPRMStage2_max_scores (7.62B), URM (8B), DeepSeekQwen (32B), Qwen2.5-72B Instruct, Llama-3.3-70B Instruct, SkyT1 (32B), EurusPRMStage2_avg_scores (7.62B), EurusPRMStage1_min_scores (7.62B), Skyworks (8B), QwenPRM_max_scores (7.63B), Qwen72B_scores (72B)",results/gpqa-llama70b/weaver_train_k15_b1.0_g0.5.csv,results/gpqa-llama70b/weaver_test_k15_b1.0_g0.5.csv,gpqa-llama70b,GPQA,70B,4.363455238163302
wfang11/gpqa-llama70b-10-10-80-dev,15,1.0,1.0,1.0,0.640625,0.640625,0.7690625,0.7690625,15,"OffsetBias (8B), EurusPRMStage1_max_scores (7.62B), QwenPRM_avg_scores (7.63B), GPM (8B), EurusPRMStage2_max_scores (7.62B), URM (8B), DeepSeekQwen (32B), EurusPRMStage2_avg_scores (7.62B), SkyT1 (32B), EurusPRMStage1_min_scores (7.62B), Qwen2.5-72B Instruct, Llama-3.3-70B Instruct, Skyworks (8B), QwenPRM_max_scores (7.63B), GRM_GEMMA (2B)",results/gpqa-llama70b/weaver_train_k15_b1.0_g1.0.csv,results/gpqa-llama70b/weaver_test_k15_b1.0_g1.0.csv,gpqa-llama70b,GPQA,70B,3.984078212310953
wfang11/gpqa-llama8b-10-10-80-dev,5,1.0,0.5,0.25,0.28125,0.28125,0.7040625,0.7040625,5,"GRM_GEMMA (2B), EurusPRMStage1_max_scores (7.62B), QwenPRM_min_scores (7.63B), EurusPRMStage2_max_scores (7.62B), GPM (8B)",results/gpqa-llama8b/weaver_train_k5_b0.5_g0.25.csv,results/gpqa-llama8b/weaver_test_k5_b0.5_g0.25.csv,gpqa-llama8b,GPQA,8B,1.8011497182276885
wfang11/gpqa-llama8b-10-10-80-dev,5,1.0,0.5,0.5,0.28125,0.28125,0.7040625,0.7040625,5,"GRM_GEMMA (2B), EurusPRMStage1_max_scores (7.62B), QwenPRM_min_scores (7.63B), EurusPRMStage2_max_scores (7.62B), GPM (8B)",results/gpqa-llama8b/weaver_train_k5_b0.5_g0.5.csv,results/gpqa-llama8b/weaver_test_k5_b0.5_g0.5.csv,gpqa-llama8b,GPQA,8B,0.8323997182276885
wfang11/gpqa-llama8b-10-10-80-dev,5,1.0,1.0,0.25,0.296875,0.296875,0.6853125,0.6853125,5,"GRM_GEMMA (2B), EurusPRMStage1_max_scores (7.62B), QwenPRM_avg_scores (7.63B), GPM (8B), EurusPRMStage2_max_scores (7.62B)",results/gpqa-llama8b/weaver_train_k5_b1.0_g0.25.csv,results/gpqa-llama8b/weaver_test_k5_b1.0_g0.25.csv,gpqa-llama8b,GPQA,8B,1.7121354772144146
wfang11/gpqa-llama8b-10-10-80-dev,5,1.0,1.0,0.5,0.296875,0.296875,0.6853125,0.6853125,5,"GRM_GEMMA (2B), EurusPRMStage1_max_scores (7.62B), QwenPRM_avg_scores (7.63B), GPM (8B), EurusPRMStage2_max_scores (7.62B)",results/gpqa-llama8b/weaver_train_k5_b1.0_g0.5.csv,results/gpqa-llama8b/weaver_test_k5_b1.0_g0.5.csv,gpqa-llama8b,GPQA,8B,0.7433854772144146
wfang11/gpqa-llama8b-10-10-80-dev,5,1.0,1.0,1.0,0.296875,0.296875,0.6853125,0.6853125,5,"GRM_GEMMA (2B), EurusPRMStage1_max_scores (7.62B), QwenPRM_avg_scores (7.63B), GPM (8B), EurusPRMStage2_max_scores (7.62B)",results/gpqa-llama8b/weaver_train_k5_b1.0_g1.0.csv,results/gpqa-llama8b/weaver_test_k5_b1.0_g1.0.csv,gpqa-llama8b,GPQA,8B,-1.1941145227855854
wfang11/gpqa-llama8b-10-10-80-dev,10,1.0,0.25,0.25,0.359375,0.359375,0.60546875,0.60546875,10,"GRM_GEMMA (2B), EurusPRMStage1_max_scores (7.62B), QwenPRM_min_scores (7.63B), GRM_LLama32 (3B), EurusPRMStage2_max_scores (7.62B), GPM (8B), InternLM2 (7B), QwenPRM_avg_scores (7.63B), EurusPRMStage1_min_scores (7.62B), EurusPRMStage2_avg_scores (7.62B)",results/gpqa-llama8b/weaver_train_k10_b0.25_g0.25.csv,results/gpqa-llama8b/weaver_test_k10_b0.25_g0.25.csv,gpqa-llama8b,GPQA,8B,2.7921109471833137
wfang11/gpqa-llama8b-10-10-80-dev,10,1.0,0.25,0.5,0.359375,0.359375,0.60546875,0.60546875,10,"GRM_GEMMA (2B), EurusPRMStage1_max_scores (7.62B), GRM_LLama32 (3B), QwenPRM_min_scores (7.63B), EurusPRMStage2_max_scores (7.62B), InternLM2 (7B), QwenPRM_avg_scores (7.63B), GPM (8B), EurusPRMStage1_min_scores (7.62B), EurusPRMStage2_avg_scores (7.62B)",results/gpqa-llama8b/weaver_train_k10_b0.25_g0.5.csv,results/gpqa-llama8b/weaver_test_k10_b0.25_g0.5.csv,gpqa-llama8b,GPQA,8B,0.85039169679316
wfang11/gpqa-llama8b-10-10-80-dev,10,1.0,0.25,1.0,0.296875,0.296875,0.5978125000000001,0.5978125000000001,10,"GRM_GEMMA (2B), GRM_LLama32 (3B), EurusPRMStage1_max_scores (7.62B), QwenPRM_min_scores (7.63B), EurusPRMStage2_max_scores (7.62B), InternLM2 (7B), QwenPRM_avg_scores (7.63B), EurusPRMStage1_min_scores (7.62B), EurusPRMStage2_avg_scores (7.62B), QwenPRM_max_scores (7.63B)",results/gpqa-llama8b/weaver_train_k10_b0.25_g1.0.csv,results/gpqa-llama8b/weaver_test_k10_b0.25_g1.0.csv,gpqa-llama8b,GPQA,8B,-2.990335822030561
wfang11/gpqa-llama8b-10-10-80-dev,10,1.0,0.5,0.25,0.328125,0.328125,0.6929687499999999,0.6929687499999999,10,"GRM_GEMMA (2B), EurusPRMStage1_max_scores (7.62B), QwenPRM_min_scores (7.63B), EurusPRMStage2_max_scores (7.62B), GPM (8B), EurusPRMStage1_min_scores (7.62B), QwenPRM_max_scores (7.63B), QwenPRM_avg_scores (7.63B), InternLM2 (7B), GRM_LLama32 (3B)",results/gpqa-llama8b/weaver_train_k10_b0.5_g0.25.csv,results/gpqa-llama8b/weaver_test_k10_b0.5_g0.25.csv,gpqa-llama8b,GPQA,8B,2.0489702047085503
wfang11/gpqa-llama8b-10-10-80-dev,10,1.0,0.5,0.5,0.328125,0.328125,0.6929687499999999,0.6929687499999999,10,"GRM_GEMMA (2B), EurusPRMStage1_max_scores (7.62B), QwenPRM_min_scores (7.63B), EurusPRMStage2_max_scores (7.62B), GPM (8B), GRM_LLama32 (3B), QwenPRM_max_scores (7.63B), EurusPRMStage1_min_scores (7.62B), QwenPRM_avg_scores (7.63B), InternLM2 (7B)",results/gpqa-llama8b/weaver_train_k10_b0.5_g0.5.csv,results/gpqa-llama8b/weaver_test_k10_b0.5_g0.5.csv,gpqa-llama8b,GPQA,8B,0.08276537458083183
wfang11/gpqa-llama8b-10-10-80-dev,10,1.0,0.5,1.0,0.328125,0.328125,0.6929687499999999,0.6929687499999999,10,"GRM_GEMMA (2B), EurusPRMStage1_max_scores (7.62B), GRM_LLama32 (3B), QwenPRM_min_scores (7.63B), EurusPRMStage2_max_scores (7.62B), GPM (8B), QwenPRM_max_scores (7.63B), EurusPRMStage1_min_scores (7.62B), QwenPRM_avg_scores (7.63B), InternLM2 (7B)",results/gpqa-llama8b/weaver_train_k10_b0.5_g1.0.csv,results/gpqa-llama8b/weaver_test_k10_b0.5_g1.0.csv,gpqa-llama8b,GPQA,8B,-3.8017440120805794
wfang11/gpqa-llama8b-10-10-80-dev,10,1.0,1.0,0.25,0.34375,0.34375,0.6175,0.6175,10,"GRM_GEMMA (2B), EurusPRMStage1_max_scores (7.62B), QwenPRM_avg_scores (7.63B), GPM (8B), EurusPRMStage2_max_scores (7.62B), QwenPRM_min_scores (7.63B), EurusPRMStage1_min_scores (7.62B), QwenPRM_max_scores (7.63B), InternLM2 (7B), EurusPRMStage2_avg_scores (7.62B)",results/gpqa-llama8b/weaver_train_k10_b1.0_g0.25.csv,results/gpqa-llama8b/weaver_test_k10_b1.0_g0.25.csv,gpqa-llama8b,GPQA,8B,0.49989109614194194
wfang11/gpqa-llama8b-10-10-80-dev,10,1.0,1.0,0.5,0.34375,0.34375,0.6175,0.6175,10,"GRM_GEMMA (2B), EurusPRMStage1_max_scores (7.62B), QwenPRM_avg_scores (7.63B), GPM (8B), EurusPRMStage2_max_scores (7.62B), QwenPRM_min_scores (7.63B), EurusPRMStage1_min_scores (7.62B), QwenPRM_max_scores (7.63B), GRM_LLama32 (3B), EurusPRMStage2_avg_scores (7.62B)",results/gpqa-llama8b/weaver_train_k10_b1.0_g0.5.csv,results/gpqa-llama8b/weaver_test_k10_b1.0_g0.5.csv,gpqa-llama8b,GPQA,8B,-1.5587783636835568
wfang11/gpqa-llama8b-10-10-80-dev,10,1.0,1.0,1.0,0.34375,0.34375,0.6175,0.6175,10,"GRM_GEMMA (2B), EurusPRMStage1_max_scores (7.62B), QwenPRM_avg_scores (7.63B), GPM (8B), EurusPRMStage2_max_scores (7.62B), GRM_LLama32 (3B), QwenPRM_min_scores (7.63B), EurusPRMStage1_min_scores (7.62B), QwenPRM_max_scores (7.63B), EurusPRMStage2_avg_scores (7.62B)",results/gpqa-llama8b/weaver_train_k10_b1.0_g1.0.csv,results/gpqa-llama8b/weaver_test_k10_b1.0_g1.0.csv,gpqa-llama8b,GPQA,8B,-5.463468400291669
wfang11/gpqa-llama8b-10-10-80-dev,15,1.0,0.25,0.25,0.3125,0.3125,0.62,0.62,15,"GRM_GEMMA (2B), EurusPRMStage1_max_scores (7.62B), QwenPRM_min_scores (7.63B), GRM_LLama32 (3B), EurusPRMStage2_max_scores (7.62B), GPM (8B), InternLM2 (7B), QwenPRM_avg_scores (7.63B), EurusPRMStage1_min_scores (7.62B), EurusPRMStage2_avg_scores (7.62B), QwenPRM_max_scores (7.63B), EurusPRMStage2_min_scores (7.62B), EurusPRMStage1_avg_scores (7.62B), GRM (8B), QRM (8B)",results/gpqa-llama8b/weaver_train_k15_b0.25_g0.25.csv,results/gpqa-llama8b/weaver_test_k15_b0.25_g0.25.csv,gpqa-llama8b,GPQA,8B,3.457416415385802
wfang11/gpqa-llama8b-10-10-80-dev,15,1.0,0.25,0.5,0.3125,0.3125,0.62,0.62,15,"GRM_GEMMA (2B), EurusPRMStage1_max_scores (7.62B), GRM_LLama32 (3B), QwenPRM_min_scores (7.63B), EurusPRMStage2_max_scores (7.62B), InternLM2 (7B), QwenPRM_avg_scores (7.63B), GPM (8B), EurusPRMStage1_min_scores (7.62B), EurusPRMStage2_avg_scores (7.62B), QwenPRM_max_scores (7.63B), EurusPRMStage2_min_scores (7.62B), EurusPRMStage1_avg_scores (7.62B), GRM (8B), QRM (8B)",results/gpqa-llama8b/weaver_train_k15_b0.25_g0.5.csv,results/gpqa-llama8b/weaver_test_k15_b0.25_g0.5.csv,gpqa-llama8b,GPQA,8B,0.3594471649956485
wfang11/gpqa-llama8b-10-10-80-dev,15,1.0,0.25,1.0,0.3125,0.3125,0.62,0.62,15,"GRM_GEMMA (2B), GRM_LLama32 (3B), EurusPRMStage1_max_scores (7.62B), QwenPRM_min_scores (7.63B), EurusPRMStage2_max_scores (7.62B), InternLM2 (7B), QwenPRM_avg_scores (7.63B), EurusPRMStage1_min_scores (7.62B), EurusPRMStage2_avg_scores (7.62B), QwenPRM_max_scores (7.63B), EurusPRMStage2_min_scores (7.62B), EurusPRMStage1_avg_scores (7.62B), GPM (8B), GRM (8B), QRM (8B)",results/gpqa-llama8b/weaver_train_k15_b0.25_g1.0.csv,results/gpqa-llama8b/weaver_test_k15_b0.25_g1.0.csv,gpqa-llama8b,GPQA,8B,-5.830211120711255
wfang11/gpqa-llama8b-10-10-80-dev,15,1.0,0.5,0.25,0.3125,0.3125,0.62,0.62,15,"GRM_GEMMA (2B), EurusPRMStage1_max_scores (7.62B), QwenPRM_min_scores (7.63B), EurusPRMStage2_max_scores (7.62B), GPM (8B), EurusPRMStage1_min_scores (7.62B), QwenPRM_max_scores (7.63B), QwenPRM_avg_scores (7.63B), InternLM2 (7B), GRM_LLama32 (3B), EurusPRMStage2_avg_scores (7.62B), EurusPRMStage1_avg_scores (7.62B), EurusPRMStage2_min_scores (7.62B), QRM (8B), GRM (8B)",results/gpqa-llama8b/weaver_train_k15_b0.5_g0.25.csv,results/gpqa-llama8b/weaver_test_k15_b0.5_g0.25.csv,gpqa-llama8b,GPQA,8B,1.7110099863489856
wfang11/gpqa-llama8b-10-10-80-dev,15,1.0,0.5,0.5,0.3125,0.3125,0.62,0.62,15,"GRM_GEMMA (2B), EurusPRMStage1_max_scores (7.62B), QwenPRM_min_scores (7.63B), EurusPRMStage2_max_scores (7.62B), GPM (8B), GRM_LLama32 (3B), QwenPRM_max_scores (7.63B), EurusPRMStage1_min_scores (7.62B), QwenPRM_avg_scores (7.63B), InternLM2 (7B), EurusPRMStage2_avg_scores (7.62B), EurusPRMStage1_avg_scores (7.62B), EurusPRMStage2_min_scores (7.62B), QRM (8B), GRM (8B)",results/gpqa-llama8b/weaver_train_k15_b0.5_g0.5.csv,results/gpqa-llama8b/weaver_test_k15_b0.5_g0.5.csv,gpqa-llama8b,GPQA,8B,-1.4114448437787326
wfang11/gpqa-llama8b-10-10-80-dev,15,1.0,0.5,1.0,0.3125,0.3125,0.62,0.62,15,"GRM_GEMMA (2B), EurusPRMStage1_max_scores (7.62B), GRM_LLama32 (3B), QwenPRM_min_scores (7.63B), EurusPRMStage2_max_scores (7.62B), GPM (8B), QwenPRM_max_scores (7.63B), EurusPRMStage1_min_scores (7.62B), QwenPRM_avg_scores (7.63B), InternLM2 (7B), EurusPRMStage2_avg_scores (7.62B), EurusPRMStage1_avg_scores (7.62B), EurusPRMStage2_min_scores (7.62B), QRM (8B), GRM (8B)",results/gpqa-llama8b/weaver_train_k15_b0.5_g1.0.csv,results/gpqa-llama8b/weaver_test_k15_b0.5_g1.0.csv,gpqa-llama8b,GPQA,8B,-7.6084542304401435
wfang11/gpqa-llama8b-10-10-80-dev,15,1.0,1.0,0.25,0.3125,0.3125,0.62,0.62,15,"GRM_GEMMA (2B), EurusPRMStage1_max_scores (7.62B), QwenPRM_avg_scores (7.63B), GPM (8B), EurusPRMStage2_max_scores (7.62B), QwenPRM_min_scores (7.63B), EurusPRMStage1_min_scores (7.62B), QwenPRM_max_scores (7.63B), InternLM2 (7B), EurusPRMStage2_avg_scores (7.62B), EurusPRMStage1_avg_scores (7.62B), GRM_LLama32 (3B), EurusPRMStage2_min_scores (7.62B), QRM (8B), GRM (8B)",results/gpqa-llama8b/weaver_train_k15_b1.0_g0.25.csv,results/gpqa-llama8b/weaver_test_k15_b1.0_g0.25.csv,gpqa-llama8b,GPQA,8B,-1.97136222011245
wfang11/gpqa-llama8b-10-10-80-dev,15,1.0,1.0,0.5,0.3125,0.3125,0.62,0.62,15,"GRM_GEMMA (2B), EurusPRMStage1_max_scores (7.62B), QwenPRM_avg_scores (7.63B), GPM (8B), EurusPRMStage2_max_scores (7.62B), QwenPRM_min_scores (7.63B), EurusPRMStage1_min_scores (7.62B), QwenPRM_max_scores (7.63B), GRM_LLama32 (3B), EurusPRMStage2_avg_scores (7.62B), InternLM2 (7B), EurusPRMStage1_avg_scores (7.62B), EurusPRMStage2_min_scores (7.62B), QRM (8B), GRM (8B)",results/gpqa-llama8b/weaver_train_k15_b1.0_g0.5.csv,results/gpqa-llama8b/weaver_test_k15_b1.0_g0.5.csv,gpqa-llama8b,GPQA,8B,-5.095481529674903
wfang11/gpqa-llama8b-10-10-80-dev,15,1.0,1.0,1.0,0.3125,0.3125,0.62,0.62,15,"GRM_GEMMA (2B), EurusPRMStage1_max_scores (7.62B), QwenPRM_avg_scores (7.63B), GPM (8B), EurusPRMStage2_max_scores (7.62B), GRM_LLama32 (3B), QwenPRM_min_scores (7.63B), EurusPRMStage1_min_scores (7.62B), QwenPRM_max_scores (7.63B), EurusPRMStage2_avg_scores (7.62B), InternLM2 (7B), EurusPRMStage1_avg_scores (7.62B), EurusPRMStage2_min_scores (7.62B), QRM (8B), GRM (8B)",results/gpqa-llama8b/weaver_train_k15_b1.0_g1.0.csv,results/gpqa-llama8b/weaver_test_k15_b1.0_g1.0.csv,gpqa-llama8b,GPQA,8B,-11.312671566283015
wfang11/mmlu-llama70b-10-10-80-dev,5,1.0,0.25,0.25,0.943661971830986,0.943661971830986,0.9447887323943662,0.9447887323943662,5,"DeepSeekQwen (32B), QwenPRM_max_scores (7.63B), GPM (8B), QwenPRM_min_scores (7.63B), SkyT1 (32B)",results/mmlu-llama70b/weaver_train_k5_b0.25_g0.25.csv,results/mmlu-llama70b/weaver_test_k5_b0.25_g0.25.csv,mmlu-llama70b,MMLU,70B,3.902780406700267
wfang11/mmlu-llama70b-10-10-80-dev,5,1.0,0.25,0.5,0.9577464788732394,0.9577464788732394,0.9394366197183096,0.9394366197183096,5,"QwenPRM_max_scores (7.63B), DeepSeekQwen (32B), GPM (8B), QwenPRM_min_scores (7.63B), EurusPRMStage2_avg_scores (7.62B)",results/mmlu-llama70b/weaver_train_k5_b0.25_g0.5.csv,results/mmlu-llama70b/weaver_test_k5_b0.25_g0.5.csv,mmlu-llama70b,MMLU,70B,3.8559911246675567
wfang11/mmlu-llama70b-10-10-80-dev,5,1.0,0.25,1.0,0.9577464788732394,0.9577464788732394,0.9394366197183096,0.9394366197183096,5,"QwenPRM_max_scores (7.63B), GPM (8B), DeepSeekQwen (32B), QwenPRM_min_scores (7.63B), EurusPRMStage2_avg_scores (7.62B)",results/mmlu-llama70b/weaver_train_k5_b0.25_g1.0.csv,results/mmlu-llama70b/weaver_test_k5_b0.25_g1.0.csv,mmlu-llama70b,MMLU,70B,3.7806824826922476
wfang11/mmlu-llama70b-10-10-80-dev,5,1.0,0.5,0.25,0.9577464788732394,0.9577464788732394,0.8974647887323944,0.8974647887323944,5,"DeepSeekQwen (32B), GPM (8B), QwenPRM_max_scores (7.63B), EurusPRMStage2_avg_scores (7.62B), EurusPRMStage1_max_scores (7.62B)",results/mmlu-llama70b/weaver_train_k5_b0.5_g0.25.csv,results/mmlu-llama70b/weaver_test_k5_b0.5_g0.25.csv,mmlu-llama70b,MMLU,70B,3.7044088815611023
wfang11/mmlu-llama70b-10-10-80-dev,5,1.0,0.5,0.5,0.9577464788732394,0.9577464788732394,0.8974647887323944,0.8974647887323944,5,"QwenPRM_max_scores (7.63B), GPM (8B), DeepSeekQwen (32B), EurusPRMStage2_avg_scores (7.62B), EurusPRMStage1_max_scores (7.62B)",results/mmlu-llama70b/weaver_train_k5_b0.5_g0.5.csv,results/mmlu-llama70b/weaver_test_k5_b0.5_g0.5.csv,mmlu-llama70b,MMLU,70B,3.6666527232109343
wfang11/mmlu-llama70b-10-10-80-dev,5,1.0,0.5,1.0,0.9577464788732394,0.9577464788732394,0.8974647887323944,0.8974647887323944,5,"QwenPRM_max_scores (7.63B), GPM (8B), DeepSeekQwen (32B), EurusPRMStage2_avg_scores (7.62B), EurusPRMStage1_max_scores (7.62B)",results/mmlu-llama70b/weaver_train_k5_b0.5_g1.0.csv,results/mmlu-llama70b/weaver_test_k5_b0.5_g1.0.csv,mmlu-llama70b,MMLU,70B,3.591344081235626
wfang11/mmlu-llama70b-10-10-80-dev,5,1.0,1.0,0.25,0.9577464788732394,0.9577464788732394,0.8974647887323944,0.8974647887323944,5,"DeepSeekQwen (32B), GPM (8B), QwenPRM_max_scores (7.63B), EurusPRMStage1_max_scores (7.62B), EurusPRMStage2_avg_scores (7.62B)",results/mmlu-llama70b/weaver_train_k5_b1.0_g0.25.csv,results/mmlu-llama70b/weaver_test_k5_b1.0_g0.25.csv,mmlu-llama70b,MMLU,70B,3.4063829967291825
wfang11/mmlu-llama70b-10-10-80-dev,5,1.0,1.0,0.5,0.9577464788732394,0.9577464788732394,0.8963380281690143,0.8963380281690143,5,"QwenPRM_max_scores (7.63B), GPM (8B), SkyT1 (32B), EurusPRMStage2_avg_scores (7.62B), EurusPRMStage1_max_scores (7.62B)",results/mmlu-llama70b/weaver_train_k5_b1.0_g0.5.csv,results/mmlu-llama70b/weaver_test_k5_b1.0_g0.5.csv,mmlu-llama70b,MMLU,70B,3.4030796512129293
wfang11/mmlu-llama70b-10-10-80-dev,5,1.0,1.0,1.0,0.943661971830986,0.943661971830986,0.8974647887323944,0.8974647887323944,5,"QwenPRM_max_scores (7.63B), GPM (8B), InternLM2 (7B), LDLReward (27.2B), DeepSeekQwen (32B)",results/mmlu-llama70b/weaver_train_k5_b1.0_g1.0.csv,results/mmlu-llama70b/weaver_test_k5_b1.0_g1.0.csv,mmlu-llama70b,MMLU,70B,3.324442179813002
wfang11/mmlu-llama70b-10-10-80-dev,10,1.0,0.25,0.25,0.943661971830986,0.943661971830986,0.9628169014084508,0.9628169014084508,10,"DeepSeekQwen (32B), QwenPRM_max_scores (7.63B), GPM (8B), QwenPRM_min_scores (7.63B), SkyT1 (32B), EurusPRMStage2_avg_scores (7.62B), Qwen72B_scores (72B), Llama-3.3-70B Instruct, EurusPRMStage1_avg_scores (7.62B), QwenPRM_avg_scores (7.63B)",results/mmlu-llama70b/weaver_train_k10_b0.25_g0.25.csv,results/mmlu-llama70b/weaver_test_k10_b0.25_g0.25.csv,mmlu-llama70b,MMLU,70B,7.198036550809961
wfang11/mmlu-llama70b-10-10-80-dev,10,1.0,0.25,0.5,0.943661971830986,0.943661971830986,0.9628169014084508,0.9628169014084508,10,"QwenPRM_max_scores (7.63B), DeepSeekQwen (32B), GPM (8B), QwenPRM_min_scores (7.63B), EurusPRMStage2_avg_scores (7.62B), SkyT1 (32B), EurusPRMStage1_avg_scores (7.62B), QwenPRM_avg_scores (7.63B), Qwen72B_scores (72B), Llama-3.3-70B Instruct",results/mmlu-llama70b/weaver_train_k10_b0.25_g0.5.csv,results/mmlu-llama70b/weaver_test_k10_b0.25_g0.5.csv,mmlu-llama70b,MMLU,70B,7.044332847106258
wfang11/mmlu-llama70b-10-10-80-dev,10,1.0,0.25,1.0,0.9577464788732394,0.9577464788732394,0.9449295774647888,0.9449295774647888,10,"QwenPRM_max_scores (7.63B), GPM (8B), DeepSeekQwen (32B), QwenPRM_min_scores (7.63B), EurusPRMStage2_avg_scores (7.62B), EurusPRMStage1_avg_scores (7.62B), SkyT1 (32B), QwenPRM_avg_scores (7.63B), GRM (8B), EurusPRMStage2_max_scores (7.62B)",results/mmlu-llama70b/weaver_train_k10_b0.25_g1.0.csv,results/mmlu-llama70b/weaver_test_k10_b0.25_g1.0.csv,mmlu-llama70b,MMLU,70B,6.816808153230459
wfang11/mmlu-llama70b-10-10-80-dev,10,1.0,0.5,0.25,0.943661971830986,0.943661971830986,0.9635211267605632,0.9635211267605632,10,"DeepSeekQwen (32B), GPM (8B), QwenPRM_max_scores (7.63B), EurusPRMStage2_avg_scores (7.62B), EurusPRMStage1_max_scores (7.62B), QwenPRM_min_scores (7.63B), SkyT1 (32B), Qwen72B_scores (72B), InternLM2 (7B), Llama-3.3-70B Instruct",results/mmlu-llama70b/weaver_train_k10_b0.5_g0.25.csv,results/mmlu-llama70b/weaver_test_k10_b0.5_g0.25.csv,mmlu-llama70b,MMLU,70B,6.382037816849863
wfang11/mmlu-llama70b-10-10-80-dev,10,1.0,0.5,0.5,0.9577464788732394,0.9577464788732394,0.9447887323943662,0.9447887323943662,10,"QwenPRM_max_scores (7.63B), GPM (8B), DeepSeekQwen (32B), EurusPRMStage2_avg_scores (7.62B), EurusPRMStage1_max_scores (7.62B), QwenPRM_min_scores (7.63B), SkyT1 (32B), Qwen72B_scores (72B), InternLM2 (7B), LDLReward (27.2B)",results/mmlu-llama70b/weaver_train_k10_b0.5_g0.5.csv,results/mmlu-llama70b/weaver_test_k10_b0.5_g0.5.csv,mmlu-llama70b,MMLU,70B,6.247167487499339
wfang11/mmlu-llama70b-10-10-80-dev,10,1.0,0.5,1.0,0.9577464788732394,0.9577464788732394,0.9447887323943662,0.9447887323943662,10,"QwenPRM_max_scores (7.63B), GPM (8B), DeepSeekQwen (32B), EurusPRMStage2_avg_scores (7.62B), EurusPRMStage1_max_scores (7.62B), QwenPRM_min_scores (7.63B), SkyT1 (32B), InternLM2 (7B), EurusPRMStage2_max_scores (7.62B), LDLReward (27.2B)",results/mmlu-llama70b/weaver_train_k10_b0.5_g1.0.csv,results/mmlu-llama70b/weaver_test_k10_b0.5_g1.0.csv,mmlu-llama70b,MMLU,70B,6.013033083046346
wfang11/mmlu-llama70b-10-10-80-dev,10,1.0,1.0,0.25,0.9577464788732394,0.9577464788732394,0.9447887323943662,0.9447887323943662,10,"DeepSeekQwen (32B), GPM (8B), QwenPRM_max_scores (7.63B), EurusPRMStage1_max_scores (7.62B), EurusPRMStage2_avg_scores (7.62B), Qwen72B_scores (72B), QwenPRM_min_scores (7.63B), LDLReward (27.2B), SkyT1 (32B), InternLM2 (7B)",results/mmlu-llama70b/weaver_train_k10_b1.0_g0.25.csv,results/mmlu-llama70b/weaver_test_k10_b1.0_g0.25.csv,mmlu-llama70b,MMLU,70B,4.993138848676206
wfang11/mmlu-llama70b-10-10-80-dev,10,1.0,1.0,0.5,0.9577464788732394,0.9577464788732394,0.9447887323943662,0.9447887323943662,10,"QwenPRM_max_scores (7.63B), GPM (8B), SkyT1 (32B), EurusPRMStage2_avg_scores (7.62B), EurusPRMStage1_max_scores (7.62B), QwenPRM_min_scores (7.63B), DeepSeekQwen (32B), LDLReward (27.2B), Qwen72B_scores (72B), InternLM2 (7B)",results/mmlu-llama70b/weaver_train_k10_b1.0_g0.5.csv,results/mmlu-llama70b/weaver_test_k10_b1.0_g0.5.csv,mmlu-llama70b,MMLU,70B,5.030680543053012
wfang11/mmlu-llama70b-10-10-80-dev,10,1.0,1.0,1.0,0.9577464788732394,0.9577464788732394,0.9447887323943662,0.9447887323943662,10,"QwenPRM_max_scores (7.63B), GPM (8B), InternLM2 (7B), LDLReward (27.2B), DeepSeekQwen (32B), EurusPRMStage1_avg_scores (7.62B), QwenPRM_min_scores (7.63B), EurusPRMStage2_avg_scores (7.62B), EurusPRMStage2_max_scores (7.62B), SkyT1 (32B)",results/mmlu-llama70b/weaver_train_k10_b1.0_g1.0.csv,results/mmlu-llama70b/weaver_test_k10_b1.0_g1.0.csv,mmlu-llama70b,MMLU,70B,4.903069439279049
wfang11/mmlu-llama70b-10-10-80-dev,15,1.0,0.25,0.25,0.943661971830986,0.943661971830986,0.9673239436619716,0.9673239436619716,15,"DeepSeekQwen (32B), QwenPRM_max_scores (7.63B), GPM (8B), QwenPRM_min_scores (7.63B), SkyT1 (32B), EurusPRMStage2_avg_scores (7.62B), Qwen72B_scores (72B), Llama-3.3-70B Instruct, EurusPRMStage1_avg_scores (7.62B), QwenPRM_avg_scores (7.63B), GRM (8B), WizardLM-2-8x22B, DeepSeekLlama (70B), LDLReward (27.2B), EurusPRMStage2_max_scores (7.62B)",results/mmlu-llama70b/weaver_train_k15_b0.25_g0.25.csv,results/mmlu-llama70b/weaver_test_k15_b0.25_g0.25.csv,mmlu-llama70b,MMLU,70B,10.141321459461867
wfang11/mmlu-llama70b-10-10-80-dev,15,1.0,0.25,0.5,0.943661971830986,0.943661971830986,0.9680281690140844,0.9680281690140844,15,"QwenPRM_max_scores (7.63B), DeepSeekQwen (32B), GPM (8B), QwenPRM_min_scores (7.63B), EurusPRMStage2_avg_scores (7.62B), SkyT1 (32B), EurusPRMStage1_avg_scores (7.62B), QwenPRM_avg_scores (7.63B), Qwen72B_scores (72B), Llama-3.3-70B Instruct, GRM (8B), DeepSeekLlama (70B), LDLReward (27.2B), EurusPRMStage2_max_scores (7.62B), EurusPRMStage1_min_scores (7.62B)",results/mmlu-llama70b/weaver_train_k15_b0.25_g0.5.csv,results/mmlu-llama70b/weaver_test_k15_b0.25_g0.5.csv,mmlu-llama70b,MMLU,70B,9.853868311382158
wfang11/mmlu-llama70b-10-10-80-dev,15,1.0,0.25,1.0,0.943661971830986,0.943661971830986,0.964507042253521,0.964507042253521,15,"QwenPRM_max_scores (7.63B), GPM (8B), DeepSeekQwen (32B), QwenPRM_min_scores (7.63B), EurusPRMStage2_avg_scores (7.62B), EurusPRMStage1_avg_scores (7.62B), SkyT1 (32B), QwenPRM_avg_scores (7.63B), GRM (8B), EurusPRMStage2_max_scores (7.62B), EurusPRMStage1_min_scores (7.62B), Llama-3.3-70B Instruct, InternLM2 (7B), Qwen72B_scores (72B), LDLReward (27.2B)",results/mmlu-llama70b/weaver_train_k15_b0.25_g1.0.csv,results/mmlu-llama70b/weaver_test_k15_b0.25_g1.0.csv,mmlu-llama70b,MMLU,70B,9.443910541896221
wfang11/mmlu-llama70b-10-10-80-dev,15,1.0,0.5,0.25,0.943661971830986,0.943661971830986,0.9673239436619716,0.9673239436619716,15,"DeepSeekQwen (32B), GPM (8B), QwenPRM_max_scores (7.63B), EurusPRMStage2_avg_scores (7.62B), EurusPRMStage1_max_scores (7.62B), QwenPRM_min_scores (7.63B), SkyT1 (32B), Qwen72B_scores (72B), InternLM2 (7B), Llama-3.3-70B Instruct, LDLReward (27.2B), EurusPRMStage2_max_scores (7.62B), DeepSeekLlama (70B), WizardLM-2-8x22B, QwenPRM_avg_scores (7.63B)",results/mmlu-llama70b/weaver_train_k15_b0.5_g0.25.csv,results/mmlu-llama70b/weaver_test_k15_b0.5_g0.25.csv,mmlu-llama70b,MMLU,70B,8.635605968190557
wfang11/mmlu-llama70b-10-10-80-dev,15,1.0,0.5,0.5,0.943661971830986,0.943661971830986,0.9661971830985916,0.9661971830985916,15,"QwenPRM_max_scores (7.63B), GPM (8B), DeepSeekQwen (32B), EurusPRMStage2_avg_scores (7.62B), EurusPRMStage1_max_scores (7.62B), QwenPRM_min_scores (7.63B), SkyT1 (32B), Qwen72B_scores (72B), InternLM2 (7B), LDLReward (27.2B), EurusPRMStage2_max_scores (7.62B), Llama-3.3-70B Instruct, QwenPRM_avg_scores (7.63B), DeepSeekLlama (70B), GRM (8B)",results/mmlu-llama70b/weaver_train_k15_b0.5_g0.5.csv,results/mmlu-llama70b/weaver_test_k15_b0.5_g0.5.csv,mmlu-llama70b,MMLU,70B,8.364087231039818
wfang11/mmlu-llama70b-10-10-80-dev,15,1.0,0.5,1.0,0.943661971830986,0.943661971830986,0.964507042253521,0.964507042253521,15,"QwenPRM_max_scores (7.63B), GPM (8B), DeepSeekQwen (32B), EurusPRMStage2_avg_scores (7.62B), EurusPRMStage1_max_scores (7.62B), QwenPRM_min_scores (7.63B), SkyT1 (32B), InternLM2 (7B), EurusPRMStage2_max_scores (7.62B), LDLReward (27.2B), Qwen72B_scores (72B), QwenPRM_avg_scores (7.63B), GRM (8B), EurusPRMStage1_min_scores (7.62B), Llama-3.3-70B Instruct",results/mmlu-llama70b/weaver_train_k15_b0.5_g1.0.csv,results/mmlu-llama70b/weaver_test_k15_b0.5_g1.0.csv,mmlu-llama70b,MMLU,70B,7.946966971383322
wfang11/mmlu-llama70b-10-10-80-dev,15,1.0,1.0,0.25,0.943661971830986,0.943661971830986,0.9671830985915492,0.9671830985915492,15,"DeepSeekQwen (32B), GPM (8B), QwenPRM_max_scores (7.63B), EurusPRMStage1_max_scores (7.62B), EurusPRMStage2_avg_scores (7.62B), Qwen72B_scores (72B), QwenPRM_min_scores (7.63B), LDLReward (27.2B), SkyT1 (32B), InternLM2 (7B), EurusPRMStage2_max_scores (7.62B), Qwen2.5-72B Instruct, DeepSeekLlama (70B), WizardLM-2-8x22B, Llama-3.3-70B Instruct",results/mmlu-llama70b/weaver_train_k15_b1.0_g0.25.csv,results/mmlu-llama70b/weaver_test_k15_b1.0_g0.25.csv,mmlu-llama70b,MMLU,70B,5.828036647287318
wfang11/mmlu-llama70b-10-10-80-dev,15,1.0,1.0,0.5,0.943661971830986,0.943661971830986,0.967605633802817,0.967605633802817,15,"QwenPRM_max_scores (7.63B), GPM (8B), SkyT1 (32B), EurusPRMStage2_avg_scores (7.62B), EurusPRMStage1_max_scores (7.62B), QwenPRM_min_scores (7.63B), DeepSeekQwen (32B), LDLReward (27.2B), Qwen72B_scores (72B), InternLM2 (7B), EurusPRMStage2_max_scores (7.62B), Qwen2.5-72B Instruct, DeepSeekLlama (70B), Llama-3.3-70B Instruct, GRM (8B)",results/mmlu-llama70b/weaver_train_k15_b1.0_g0.5.csv,results/mmlu-llama70b/weaver_test_k15_b1.0_g0.5.csv,mmlu-llama70b,MMLU,70B,5.655123289548904
wfang11/mmlu-llama70b-10-10-80-dev,15,1.0,1.0,1.0,0.9577464788732394,0.9577464788732394,0.9611267605633802,0.9611267605633802,15,"QwenPRM_max_scores (7.63B), GPM (8B), InternLM2 (7B), LDLReward (27.2B), DeepSeekQwen (32B), EurusPRMStage1_avg_scores (7.62B), QwenPRM_min_scores (7.63B), EurusPRMStage2_avg_scores (7.62B), EurusPRMStage2_max_scores (7.62B), SkyT1 (32B), Qwen72B_scores (72B), GRM (8B), Qwen2.5-72B Instruct, DeepSeekLlama (70B), EurusPRMStage1_min_scores (7.62B)",results/mmlu-llama70b/weaver_train_k15_b1.0_g1.0.csv,results/mmlu-llama70b/weaver_test_k15_b1.0_g1.0.csv,mmlu-llama70b,MMLU,70B,5.21423874552847
wfang11/mmlu-llama8b-10-10-80-dev,5,1.0,0.25,0.25,0.8450704225352113,0.8450704225352113,0.6939436619718309,0.6939436619718309,5,"QwenPRM_min_scores (7.63B), GRM_GEMMA (2B), QwenPRM_max_scores (7.63B), QwenPRM_avg_scores (7.63B), EurusPRMStage1_max_scores (7.62B)",results/mmlu-llama8b/weaver_train_k5_b0.25_g0.25.csv,results/mmlu-llama8b/weaver_test_k5_b0.25_g0.25.csv,mmlu-llama8b,MMLU,8B,2.276608815405501
wfang11/mmlu-llama8b-10-10-80-dev,5,1.0,0.25,0.5,0.8450704225352113,0.8450704225352113,0.6939436619718309,0.6939436619718309,5,"GRM_GEMMA (2B), QwenPRM_min_scores (7.63B), QwenPRM_max_scores (7.63B), GRM_LLama32 (3B), QwenPRM_avg_scores (7.63B)",results/mmlu-llama8b/weaver_train_k5_b0.25_g0.5.csv,results/mmlu-llama8b/weaver_test_k5_b0.25_g0.5.csv,mmlu-llama8b,MMLU,8B,1.362986736105991
wfang11/mmlu-llama8b-10-10-80-dev,5,1.0,0.25,1.0,0.8450704225352113,0.8450704225352113,0.6939436619718309,0.6939436619718309,5,"GRM_GEMMA (2B), GRM_LLama32 (3B), QwenPRM_min_scores (7.63B), QwenPRM_max_scores (7.63B), QwenPRM_avg_scores (7.63B)",results/mmlu-llama8b/weaver_train_k5_b0.25_g1.0.csv,results/mmlu-llama8b/weaver_test_k5_b0.25_g1.0.csv,mmlu-llama8b,MMLU,8B,-0.26201326389400903
wfang11/mmlu-llama8b-10-10-80-dev,5,1.0,0.5,0.25,0.8169014084507042,0.8169014084507042,0.6743661971830986,0.6743661971830986,5,"QwenPRM_min_scores (7.63B), GRM_GEMMA (2B), EurusPRMStage2_max_scores (7.62B), QwenPRM_max_scores (7.63B), EurusPRMStage1_max_scores (7.62B)",results/mmlu-llama8b/weaver_train_k5_b0.5_g0.25.csv,results/mmlu-llama8b/weaver_test_k5_b0.5_g0.25.csv,mmlu-llama8b,MMLU,8B,2.0126607326739205
wfang11/mmlu-llama8b-10-10-80-dev,5,1.0,0.5,0.5,0.8450704225352113,0.8450704225352113,0.6847887323943662,0.6847887323943662,5,"GRM_GEMMA (2B), EurusPRMStage1_max_scores (7.62B), QwenPRM_avg_scores (7.63B), EurusPRMStage2_max_scores (7.62B), QwenPRM_max_scores (7.63B)",results/mmlu-llama8b/weaver_train_k5_b0.5_g0.5.csv,results/mmlu-llama8b/weaver_test_k5_b0.5_g0.5.csv,mmlu-llama8b,MMLU,8B,1.2214126837342114
wfang11/mmlu-llama8b-10-10-80-dev,5,1.0,0.5,1.0,0.8450704225352113,0.8450704225352113,0.652394366197183,0.652394366197183,5,"GRM_GEMMA (2B), EurusPRMStage1_max_scores (7.62B), QwenPRM_avg_scores (7.63B), GRM_LLama32 (3B), EurusPRMStage2_max_scores (7.62B)",results/mmlu-llama8b/weaver_train_k5_b0.5_g1.0.csv,results/mmlu-llama8b/weaver_test_k5_b0.5_g1.0.csv,mmlu-llama8b,MMLU,8B,-0.48446469260050745
wfang11/mmlu-llama8b-10-10-80-dev,5,1.0,1.0,0.25,0.8591549295774648,0.8591549295774648,0.6638028169014085,0.6638028169014085,5,"QwenPRM_min_scores (7.63B), GPM (8B), EurusPRMStage2_max_scores (7.62B), GRM_GEMMA (2B), QwenPRM_max_scores (7.63B)",results/mmlu-llama8b/weaver_train_k5_b1.0_g0.25.csv,results/mmlu-llama8b/weaver_test_k5_b1.0_g0.25.csv,mmlu-llama8b,MMLU,8B,1.9069288605764971
wfang11/mmlu-llama8b-10-10-80-dev,5,1.0,1.0,0.5,0.8873239436619719,0.8873239436619719,0.6240845070422536,0.6240845070422536,5,"GRM_GEMMA (2B), GPM (8B), QwenPRM_avg_scores (7.63B), EurusPRMStage2_max_scores (7.62B), EurusPRMStage1_min_scores (7.62B)",results/mmlu-llama8b/weaver_train_k5_b1.0_g0.5.csv,results/mmlu-llama8b/weaver_test_k5_b1.0_g0.5.csv,mmlu-llama8b,MMLU,8B,1.3723647775368328
wfang11/mmlu-llama8b-10-10-80-dev,5,1.0,1.0,1.0,0.8873239436619719,0.8873239436619719,0.6240845070422536,0.6240845070422536,5,"GRM_GEMMA (2B), GPM (8B), QwenPRM_avg_scores (7.63B), EurusPRMStage2_max_scores (7.62B), EurusPRMStage1_min_scores (7.62B)",results/mmlu-llama8b/weaver_train_k5_b1.0_g1.0.csv,results/mmlu-llama8b/weaver_test_k5_b1.0_g1.0.csv,mmlu-llama8b,MMLU,8B,-0.5651352224631672
wfang11/mmlu-llama8b-10-10-80-dev,10,1.0,0.25,0.25,0.9014084507042254,0.9014084507042254,0.6422535211267607,0.6422535211267607,10,"QwenPRM_min_scores (7.63B), GRM_GEMMA (2B), QwenPRM_max_scores (7.63B), QwenPRM_avg_scores (7.63B), EurusPRMStage1_max_scores (7.62B), InternLM2 (7B), EurusPRMStage2_max_scores (7.62B), EurusPRMStage2_avg_scores (7.62B), GRM_LLama32 (3B), EurusPRMStage1_min_scores (7.62B)",results/mmlu-llama8b/weaver_train_k10_b0.25_g0.25.csv,results/mmlu-llama8b/weaver_test_k10_b0.25_g0.25.csv,mmlu-llama8b,MMLU,8B,3.8076533111184903
wfang11/mmlu-llama8b-10-10-80-dev,10,1.0,0.25,0.5,0.9014084507042254,0.9014084507042254,0.6422535211267607,0.6422535211267607,10,"GRM_GEMMA (2B), QwenPRM_min_scores (7.63B), QwenPRM_max_scores (7.63B), GRM_LLama32 (3B), QwenPRM_avg_scores (7.63B), EurusPRMStage1_max_scores (7.62B), InternLM2 (7B), EurusPRMStage2_max_scores (7.62B), EurusPRMStage2_avg_scores (7.62B), EurusPRMStage1_min_scores (7.62B)",results/mmlu-llama8b/weaver_train_k10_b0.25_g0.5.csv,results/mmlu-llama8b/weaver_test_k10_b0.25_g0.5.csv,mmlu-llama8b,MMLU,8B,1.9014033111184905
wfang11/mmlu-llama8b-10-10-80-dev,10,1.0,0.25,1.0,0.9014084507042254,0.9014084507042254,0.6422535211267607,0.6422535211267607,10,"GRM_GEMMA (2B), GRM_LLama32 (3B), QwenPRM_min_scores (7.63B), QwenPRM_max_scores (7.63B), QwenPRM_avg_scores (7.63B), EurusPRMStage1_max_scores (7.62B), InternLM2 (7B), EurusPRMStage2_max_scores (7.62B), EurusPRMStage2_avg_scores (7.62B), EurusPRMStage1_min_scores (7.62B)",results/mmlu-llama8b/weaver_train_k10_b0.25_g1.0.csv,results/mmlu-llama8b/weaver_test_k10_b0.25_g1.0.csv,mmlu-llama8b,MMLU,8B,-1.9110966888815095
wfang11/mmlu-llama8b-10-10-80-dev,10,1.0,0.5,0.25,0.9014084507042254,0.9014084507042254,0.6422535211267607,0.6422535211267607,10,"QwenPRM_min_scores (7.63B), GRM_GEMMA (2B), EurusPRMStage2_max_scores (7.62B), QwenPRM_max_scores (7.63B), EurusPRMStage1_max_scores (7.62B), EurusPRMStage1_min_scores (7.62B), QwenPRM_avg_scores (7.63B), EurusPRMStage2_avg_scores (7.62B), InternLM2 (7B), GRM_LLama32 (3B)",results/mmlu-llama8b/weaver_train_k10_b0.5_g0.25.csv,results/mmlu-llama8b/weaver_test_k10_b0.5_g0.25.csv,mmlu-llama8b,MMLU,8B,2.774238915600406
wfang11/mmlu-llama8b-10-10-80-dev,10,1.0,0.5,0.5,0.9014084507042254,0.9014084507042254,0.6422535211267607,0.6422535211267607,10,"GRM_GEMMA (2B), EurusPRMStage1_max_scores (7.62B), QwenPRM_avg_scores (7.63B), EurusPRMStage2_max_scores (7.62B), QwenPRM_max_scores (7.63B), QwenPRM_min_scores (7.63B), EurusPRMStage1_min_scores (7.62B), EurusPRMStage2_avg_scores (7.62B), GRM_LLama32 (3B), InternLM2 (7B)",results/mmlu-llama8b/weaver_train_k10_b0.5_g0.5.csv,results/mmlu-llama8b/weaver_test_k10_b0.5_g0.5.csv,mmlu-llama8b,MMLU,8B,1.048915925024332
wfang11/mmlu-llama8b-10-10-80-dev,10,1.0,0.5,1.0,0.9014084507042254,0.9014084507042254,0.6422535211267607,0.6422535211267607,10,"GRM_GEMMA (2B), EurusPRMStage1_max_scores (7.62B), QwenPRM_avg_scores (7.63B), GRM_LLama32 (3B), EurusPRMStage2_max_scores (7.62B), QwenPRM_max_scores (7.63B), QwenPRM_min_scores (7.63B), EurusPRMStage1_min_scores (7.62B), EurusPRMStage2_avg_scores (7.62B), InternLM2 (7B)",results/mmlu-llama8b/weaver_train_k10_b0.5_g1.0.csv,results/mmlu-llama8b/weaver_test_k10_b0.5_g1.0.csv,mmlu-llama8b,MMLU,8B,-2.763584074975668
wfang11/mmlu-llama8b-10-10-80-dev,10,1.0,1.0,0.25,0.9014084507042254,0.9014084507042254,0.6509859154929578,0.6509859154929578,10,"QwenPRM_min_scores (7.63B), GPM (8B), EurusPRMStage2_max_scores (7.62B), GRM_GEMMA (2B), QwenPRM_max_scores (7.63B), EurusPRMStage1_min_scores (7.62B), EurusPRMStage1_max_scores (7.62B), EurusPRMStage2_avg_scores (7.62B), QwenPRM_avg_scores (7.63B), InternLM2 (7B)",results/mmlu-llama8b/weaver_train_k10_b1.0_g0.25.csv,results/mmlu-llama8b/weaver_test_k10_b1.0_g0.25.csv,mmlu-llama8b,MMLU,8B,1.5733887454004543
wfang11/mmlu-llama8b-10-10-80-dev,10,1.0,1.0,0.5,0.9014084507042254,0.9014084507042254,0.6509859154929578,0.6509859154929578,10,"GRM_GEMMA (2B), GPM (8B), QwenPRM_avg_scores (7.63B), EurusPRMStage2_max_scores (7.62B), EurusPRMStage1_min_scores (7.62B), EurusPRMStage1_max_scores (7.62B), QwenPRM_max_scores (7.63B), EurusPRMStage2_avg_scores (7.62B), QwenPRM_min_scores (7.63B), InternLM2 (7B)",results/mmlu-llama8b/weaver_train_k10_b1.0_g0.5.csv,results/mmlu-llama8b/weaver_test_k10_b1.0_g0.5.csv,mmlu-llama8b,MMLU,8B,-0.19896622240074224
wfang11/mmlu-llama8b-10-10-80-dev,10,1.0,1.0,1.0,0.9014084507042254,0.9014084507042254,0.6509859154929578,0.6509859154929578,10,"GRM_GEMMA (2B), GPM (8B), QwenPRM_avg_scores (7.63B), EurusPRMStage2_max_scores (7.62B), EurusPRMStage1_min_scores (7.62B), EurusPRMStage1_max_scores (7.62B), QwenPRM_max_scores (7.63B), GRM_LLama32 (3B), EurusPRMStage2_avg_scores (7.62B), QwenPRM_min_scores (7.63B)",results/mmlu-llama8b/weaver_train_k10_b1.0_g1.0.csv,results/mmlu-llama8b/weaver_test_k10_b1.0_g1.0.csv,mmlu-llama8b,MMLU,8B,-4.098077304378207
wfang11/mmlu-llama8b-10-10-80-dev,15,1.0,0.25,0.25,0.8591549295774648,0.8591549295774648,0.6611267605633802,0.6611267605633802,15,"QwenPRM_min_scores (7.63B), GRM_GEMMA (2B), QwenPRM_max_scores (7.63B), QwenPRM_avg_scores (7.63B), EurusPRMStage1_max_scores (7.62B), InternLM2 (7B), EurusPRMStage2_max_scores (7.62B), EurusPRMStage2_avg_scores (7.62B), GRM_LLama32 (3B), EurusPRMStage1_min_scores (7.62B), GRM (8B), Skyworks (8B), QRM (8B), EurusPRMStage1_avg_scores (7.62B), EurusPRMStage2_min_scores (7.62B)",results/mmlu-llama8b/weaver_train_k15_b0.25_g0.25.csv,results/mmlu-llama8b/weaver_test_k15_b0.25_g0.25.csv,mmlu-llama8b,MMLU,8B,4.920830010798866
wfang11/mmlu-llama8b-10-10-80-dev,15,1.0,0.25,0.5,0.8591549295774648,0.8591549295774648,0.6611267605633802,0.6611267605633802,15,"GRM_GEMMA (2B), QwenPRM_min_scores (7.63B), QwenPRM_max_scores (7.63B), GRM_LLama32 (3B), QwenPRM_avg_scores (7.63B), EurusPRMStage1_max_scores (7.62B), InternLM2 (7B), EurusPRMStage2_max_scores (7.62B), EurusPRMStage2_avg_scores (7.62B), EurusPRMStage1_min_scores (7.62B), GRM (8B), Skyworks (8B), EurusPRMStage1_avg_scores (7.62B), EurusPRMStage2_min_scores (7.62B), QRM (8B)",results/mmlu-llama8b/weaver_train_k15_b0.25_g0.5.csv,results/mmlu-llama8b/weaver_test_k15_b0.25_g0.5.csv,mmlu-llama8b,MMLU,8B,1.8270800107988658
wfang11/mmlu-llama8b-10-10-80-dev,15,1.0,0.25,1.0,0.8591549295774648,0.8591549295774648,0.6611267605633802,0.6611267605633802,15,"GRM_GEMMA (2B), GRM_LLama32 (3B), QwenPRM_min_scores (7.63B), QwenPRM_max_scores (7.63B), QwenPRM_avg_scores (7.63B), EurusPRMStage1_max_scores (7.62B), InternLM2 (7B), EurusPRMStage2_max_scores (7.62B), EurusPRMStage2_avg_scores (7.62B), EurusPRMStage1_min_scores (7.62B), EurusPRMStage1_avg_scores (7.62B), EurusPRMStage2_min_scores (7.62B), GRM (8B), Skyworks (8B), QRM (8B)",results/mmlu-llama8b/weaver_train_k15_b0.25_g1.0.csv,results/mmlu-llama8b/weaver_test_k15_b0.25_g1.0.csv,mmlu-llama8b,MMLU,8B,-4.360419989201134
wfang11/mmlu-llama8b-10-10-80-dev,15,1.0,0.5,0.25,0.8450704225352113,0.8450704225352113,0.6695774647887324,0.6695774647887324,15,"QwenPRM_min_scores (7.63B), GRM_GEMMA (2B), EurusPRMStage2_max_scores (7.62B), QwenPRM_max_scores (7.63B), EurusPRMStage1_max_scores (7.62B), EurusPRMStage1_min_scores (7.62B), QwenPRM_avg_scores (7.63B), EurusPRMStage2_avg_scores (7.62B), InternLM2 (7B), GRM_LLama32 (3B), GRM (8B), GPM (8B), Skyworks (8B), EurusPRMStage1_avg_scores (7.62B), EurusPRMStage2_min_scores (7.62B)",results/mmlu-llama8b/weaver_train_k15_b0.5_g0.25.csv,results/mmlu-llama8b/weaver_test_k15_b0.5_g0.25.csv,mmlu-llama8b,MMLU,8B,2.8847195961439622
wfang11/mmlu-llama8b-10-10-80-dev,15,1.0,0.5,0.5,0.8450704225352113,0.8450704225352113,0.6695774647887324,0.6695774647887324,15,"GRM_GEMMA (2B), EurusPRMStage1_max_scores (7.62B), QwenPRM_avg_scores (7.63B), EurusPRMStage2_max_scores (7.62B), QwenPRM_max_scores (7.63B), QwenPRM_min_scores (7.63B), EurusPRMStage1_min_scores (7.62B), EurusPRMStage2_avg_scores (7.62B), GRM_LLama32 (3B), InternLM2 (7B), EurusPRMStage1_avg_scores (7.62B), GRM (8B), EurusPRMStage2_min_scores (7.62B), GPM (8B), Skyworks (8B)",results/mmlu-llama8b/weaver_train_k15_b0.5_g0.5.csv,results/mmlu-llama8b/weaver_test_k15_b0.5_g0.5.csv,mmlu-llama8b,MMLU,8B,-0.028103394432111795
wfang11/mmlu-llama8b-10-10-80-dev,15,1.0,0.5,1.0,0.8450704225352113,0.8450704225352113,0.6695774647887324,0.6695774647887324,15,"GRM_GEMMA (2B), EurusPRMStage1_max_scores (7.62B), QwenPRM_avg_scores (7.63B), GRM_LLama32 (3B), EurusPRMStage2_max_scores (7.62B), QwenPRM_max_scores (7.63B), QwenPRM_min_scores (7.63B), EurusPRMStage1_min_scores (7.62B), EurusPRMStage2_avg_scores (7.62B), InternLM2 (7B), EurusPRMStage1_avg_scores (7.62B), EurusPRMStage2_min_scores (7.62B), GRM (8B), GPM (8B), Skyworks (8B)",results/mmlu-llama8b/weaver_train_k15_b0.5_g1.0.csv,results/mmlu-llama8b/weaver_test_k15_b0.5_g1.0.csv,mmlu-llama8b,MMLU,8B,-6.2156033944321125
wfang11/mmlu-llama8b-10-10-80-dev,15,1.0,1.0,0.25,0.8450704225352113,0.8450704225352113,0.6695774647887324,0.6695774647887324,15,"QwenPRM_min_scores (7.63B), GPM (8B), EurusPRMStage2_max_scores (7.62B), GRM_GEMMA (2B), QwenPRM_max_scores (7.63B), EurusPRMStage1_min_scores (7.62B), EurusPRMStage1_max_scores (7.62B), EurusPRMStage2_avg_scores (7.62B), QwenPRM_avg_scores (7.63B), InternLM2 (7B), EurusPRMStage1_avg_scores (7.62B), EurusPRMStage2_min_scores (7.62B), GRM (8B), GRM_LLama32 (3B), Skyworks (8B)",results/mmlu-llama8b/weaver_train_k15_b1.0_g0.25.csv,results/mmlu-llama8b/weaver_test_k15_b1.0_g0.25.csv,mmlu-llama8b,MMLU,8B,-0.3751325678883316
wfang11/mmlu-llama8b-10-10-80-dev,15,1.0,1.0,0.5,0.8450704225352113,0.8450704225352113,0.6695774647887324,0.6695774647887324,15,"GRM_GEMMA (2B), GPM (8B), QwenPRM_avg_scores (7.63B), EurusPRMStage2_max_scores (7.62B), EurusPRMStage1_min_scores (7.62B), EurusPRMStage1_max_scores (7.62B), QwenPRM_max_scores (7.63B), EurusPRMStage2_avg_scores (7.62B), QwenPRM_min_scores (7.63B), InternLM2 (7B), GRM_LLama32 (3B), EurusPRMStage1_avg_scores (7.62B), EurusPRMStage2_min_scores (7.62B), GRM (8B), Skyworks (8B)",results/mmlu-llama8b/weaver_train_k15_b1.0_g0.5.csv,results/mmlu-llama8b/weaver_test_k15_b1.0_g0.5.csv,mmlu-llama8b,MMLU,8B,-3.1787375356895273
wfang11/mmlu-llama8b-10-10-80-dev,15,1.0,1.0,1.0,0.8450704225352113,0.8450704225352113,0.6695774647887324,0.6695774647887324,15,"GRM_GEMMA (2B), GPM (8B), QwenPRM_avg_scores (7.63B), EurusPRMStage2_max_scores (7.62B), EurusPRMStage1_min_scores (7.62B), EurusPRMStage1_max_scores (7.62B), QwenPRM_max_scores (7.63B), GRM_LLama32 (3B), EurusPRMStage2_avg_scores (7.62B), QwenPRM_min_scores (7.63B), InternLM2 (7B), EurusPRMStage1_avg_scores (7.62B), EurusPRMStage2_min_scores (7.62B), GRM (8B), Skyworks (8B)",results/mmlu-llama8b/weaver_train_k15_b1.0_g1.0.csv,results/mmlu-llama8b/weaver_test_k15_b1.0_g1.0.csv,mmlu-llama8b,MMLU,8B,-9.36623753568953
