cluster_id,k,alpha,beta,gamma,total_greedy_score,final_step_score,selected_verifiers,selected_param_counts_GB
0,5,1.0,0.25,0.25,2.8339511151181234,0.47346737245566406,"QwenPRM_min_scores, EurusPRMStage1_max_scores, internlm_scores, EurusPRMStage1_min_scores, EurusPRMStage1_avg_scores","7.0, 7.0, 0.0, 7.0, 7.0"
0,5,1.0,0.25,0.5,2.100607206882347,0.25471737245566406,"internlm_scores, EurusPRMStage1_max_scores, QwenPRM_min_scores, EurusPRMStage1_min_scores, EurusPRMStage1_avg_scores","0.0, 7.0, 7.0, 7.0, 7.0"
0,5,1.0,0.25,1.0,0.6073322286977645,-0.10176915548809762,"internlm_scores, EurusPRMStage1_max_scores, GRMGemma_scores, QwenPRM_min_scores, GRMLlama32_scores","0.0, 7.0, 2.0, 7.0, 3.0"
0,5,1.0,0.5,0.25,2.3553361565333732,0.27489052859747076,"QwenPRM_min_scores, internlm_scores, EurusPRMStage1_max_scores, EurusPRMStage1_min_scores, EurusPRMStage1_avg_scores","7.0, 0.0, 7.0, 7.0, 7.0"
0,5,1.0,0.5,0.5,1.76364834006182,0.05614052859747076,"internlm_scores, EurusPRMStage1_max_scores, QwenPRM_min_scores, EurusPRMStage1_min_scores, EurusPRMStage1_avg_scores","0.0, 7.0, 7.0, 7.0, 7.0"
0,5,1.0,0.5,1.0,0.28018023633821887,-0.2524476179813455,"internlm_scores, EurusPRMStage1_max_scores, GRMGemma_scores, QwenPRM_min_scores, EurusPRMStage1_min_scores","0.0, 7.0, 2.0, 7.0, 7.0"
0,5,1.0,1.0,0.25,1.9316172040015611,0.11859989643444191,"QwenPRM_min_scores, GPM_scores, internlm_scores, EurusPRMStage1_max_scores, EurusPRMStage1_min_scores","7.0, 8.0, 0.0, 7.0, 7.0"
0,5,1.0,1.0,0.5,1.2930607976999362,-0.13768296783974537,"internlm_scores, EurusPRMStage1_max_scores, QwenPRM_min_scores, EurusPRMStage1_min_scores, QwenPRM_max_scores","0.0, 7.0, 7.0, 7.0, 7.0"
0,5,1.0,1.0,1.0,-0.35796930897858886,-0.5376501035655581,"internlm_scores, EurusPRMStage1_max_scores, QwenPRM_min_scores, GRMGemma_scores, EurusPRMStage1_min_scores","0.0, 7.0, 7.0, 2.0, 7.0"
0,10,1.0,0.25,0.25,4.724883275172913,0.31981925887370977,"QwenPRM_min_scores, EurusPRMStage1_max_scores, internlm_scores, EurusPRMStage1_min_scores, EurusPRMStage1_avg_scores, QwenPRM_avg_scores, EurusPRMStage2_avg_scores, EurusPRMStage2_max_scores, EurusPRMStage2_min_scores, QwenPRM_max_scores","7.0, 7.0, 0.0, 7.0, 7.0, 7.0, 7.0, 7.0, 7.0, 7.0"
0,10,1.0,0.25,0.5,2.9875852826333658,0.11253054034198329,"internlm_scores, EurusPRMStage1_max_scores, QwenPRM_min_scores, EurusPRMStage1_min_scores, EurusPRMStage1_avg_scores, QwenPRM_avg_scores, GRMGemma_scores, EurusPRMStage2_avg_scores, EurusPRMStage2_max_scores, EurusPRMStage2_min_scores","0.0, 7.0, 7.0, 7.0, 7.0, 7.0, 2.0, 7.0, 7.0, 7.0"
0,10,1.0,0.25,1.0,-0.4142144131967149,-0.277620690956878,"internlm_scores, EurusPRMStage1_max_scores, GRMGemma_scores, QwenPRM_min_scores, GRMLlama32_scores, EurusPRMStage1_min_scores, EurusPRMStage1_avg_scores, QwenPRM_avg_scores, EurusPRMStage2_avg_scores, EurusPRMStage2_max_scores","0.0, 7.0, 2.0, 7.0, 3.0, 7.0, 7.0, 7.0, 7.0, 7.0"
0,10,1.0,0.5,0.25,3.4143195709843264,0.14491342039914218,"QwenPRM_min_scores, internlm_scores, EurusPRMStage1_max_scores, EurusPRMStage1_min_scores, EurusPRMStage1_avg_scores, QwenPRM_avg_scores, EurusPRMStage2_avg_scores, EurusPRMStage2_max_scores, QwenPRM_max_scores, GPM_scores","7.0, 0.0, 7.0, 7.0, 7.0, 7.0, 7.0, 7.0, 7.0, 8.0"
0,10,1.0,0.5,0.5,1.8128907589875007,-0.02656754063884209,"internlm_scores, EurusPRMStage1_max_scores, QwenPRM_min_scores, EurusPRMStage1_min_scores, EurusPRMStage1_avg_scores, QwenPRM_avg_scores, EurusPRMStage2_avg_scores, GRMGemma_scores, EurusPRMStage2_max_scores, QwenPRM_max_scores","0.0, 7.0, 7.0, 7.0, 7.0, 7.0, 7.0, 2.0, 7.0, 7.0"
0,10,1.0,0.5,1.0,-1.6775581102585435,-0.4314338301577564,"internlm_scores, EurusPRMStage1_max_scores, GRMGemma_scores, QwenPRM_min_scores, EurusPRMStage1_min_scores, GRMLlama32_scores, EurusPRMStage1_avg_scores, QwenPRM_avg_scores, EurusPRMStage2_avg_scores, EurusPRMStage2_max_scores","0.0, 7.0, 2.0, 7.0, 7.0, 3.0, 7.0, 7.0, 7.0, 7.0"
0,10,1.0,1.0,0.25,1.5764189594366678,-0.12428243890499335,"QwenPRM_min_scores, GPM_scores, internlm_scores, EurusPRMStage1_max_scores, EurusPRMStage1_min_scores, QwenPRM_max_scores, EurusPRMStage2_max_scores, EurusPRMStage2_avg_scores, EurusPRMStage1_avg_scores, QwenPRM_avg_scores","7.0, 8.0, 0.0, 7.0, 7.0, 7.0, 7.0, 7.0, 7.0, 7.0"
0,10,1.0,1.0,0.5,-0.3088897458427803,-0.34303243890499335,"internlm_scores, EurusPRMStage1_max_scores, QwenPRM_min_scores, EurusPRMStage1_min_scores, QwenPRM_max_scores, GPM_scores, EurusPRMStage2_max_scores, EurusPRMStage2_avg_scores, EurusPRMStage1_avg_scores, QwenPRM_avg_scores","0.0, 7.0, 7.0, 7.0, 7.0, 8.0, 7.0, 7.0, 7.0, 7.0"
0,10,1.0,1.0,1.0,-3.9944175535434816,-0.7805324389049934,"internlm_scores, EurusPRMStage1_max_scores, QwenPRM_min_scores, GRMGemma_scores, EurusPRMStage1_min_scores, QwenPRM_max_scores, EurusPRMStage2_max_scores, EurusPRMStage2_avg_scores, EurusPRMStage1_avg_scores, QwenPRM_avg_scores","0.0, 7.0, 7.0, 2.0, 7.0, 7.0, 7.0, 7.0, 7.0, 7.0"
0,15,1.0,0.25,0.25,5.662226927282022,0.1287341509530714,"QwenPRM_min_scores, EurusPRMStage1_max_scores, internlm_scores, EurusPRMStage1_min_scores, EurusPRMStage1_avg_scores, QwenPRM_avg_scores, EurusPRMStage2_avg_scores, EurusPRMStage2_max_scores, EurusPRMStage2_min_scores, QwenPRM_max_scores, GRMGemma_scores, GPM_scores, GRMLlama32_scores, InternLM2Reward7B_scores, GRM_scores","7.0, 7.0, 0.0, 7.0, 7.0, 7.0, 7.0, 7.0, 7.0, 7.0, 2.0, 8.0, 3.0, 7.0, 8.0"
0,15,1.0,0.25,0.5,2.9601330190462463,-0.12126584904692861,"internlm_scores, EurusPRMStage1_max_scores, QwenPRM_min_scores, EurusPRMStage1_min_scores, EurusPRMStage1_avg_scores, QwenPRM_avg_scores, GRMGemma_scores, EurusPRMStage2_avg_scores, EurusPRMStage2_max_scores, EurusPRMStage2_min_scores, QwenPRM_max_scores, GRMLlama32_scores, GPM_scores, InternLM2Reward7B_scores, GRM_scores","0.0, 7.0, 7.0, 7.0, 7.0, 7.0, 2.0, 7.0, 7.0, 7.0, 7.0, 3.0, 8.0, 7.0, 8.0"
0,15,1.0,0.25,1.0,-2.7273669809537537,-0.6212658490469286,"internlm_scores, EurusPRMStage1_max_scores, GRMGemma_scores, QwenPRM_min_scores, GRMLlama32_scores, EurusPRMStage1_min_scores, EurusPRMStage1_avg_scores, QwenPRM_avg_scores, EurusPRMStage2_avg_scores, EurusPRMStage2_max_scores, EurusPRMStage2_min_scores, QwenPRM_max_scores, GPM_scores, InternLM2Reward7B_scores, GRM_scores","0.0, 7.0, 2.0, 7.0, 3.0, 7.0, 7.0, 7.0, 7.0, 7.0, 7.0, 7.0, 8.0, 7.0, 8.0"
0,15,1.0,0.5,0.25,3.376076926460559,-0.11171139943776964,"QwenPRM_min_scores, internlm_scores, EurusPRMStage1_max_scores, EurusPRMStage1_min_scores, EurusPRMStage1_avg_scores, QwenPRM_avg_scores, EurusPRMStage2_avg_scores, EurusPRMStage2_max_scores, QwenPRM_max_scores, GPM_scores, EurusPRMStage2_min_scores, GRMGemma_scores, GRMLlama32_scores, GRM_scores, InternLM2Reward7B_scores","7.0, 0.0, 7.0, 7.0, 7.0, 7.0, 7.0, 7.0, 7.0, 8.0, 7.0, 2.0, 3.0, 8.0, 7.0"
0,15,1.0,0.5,0.5,0.8156391099890055,-0.33046139943776964,"internlm_scores, EurusPRMStage1_max_scores, QwenPRM_min_scores, EurusPRMStage1_min_scores, EurusPRMStage1_avg_scores, QwenPRM_avg_scores, EurusPRMStage2_avg_scores, GRMGemma_scores, EurusPRMStage2_max_scores, QwenPRM_max_scores, EurusPRMStage2_min_scores, GPM_scores, GRMLlama32_scores, GRM_scores, InternLM2Reward7B_scores","0.0, 7.0, 7.0, 7.0, 7.0, 7.0, 7.0, 2.0, 7.0, 7.0, 7.0, 8.0, 3.0, 8.0, 7.0"
0,15,1.0,0.5,1.0,-4.8718608900109945,-0.8193894617019185,"internlm_scores, EurusPRMStage1_max_scores, GRMGemma_scores, QwenPRM_min_scores, EurusPRMStage1_min_scores, GRMLlama32_scores, EurusPRMStage1_avg_scores, QwenPRM_avg_scores, EurusPRMStage2_avg_scores, EurusPRMStage2_max_scores, QwenPRM_max_scores, EurusPRMStage2_min_scores, GPM_scores, InternLM2Reward7B_scores, GRM_scores","0.0, 7.0, 2.0, 7.0, 7.0, 3.0, 7.0, 7.0, 7.0, 7.0, 7.0, 7.0, 8.0, 7.0, 8.0"
0,15,1.0,1.0,0.25,-0.4079279444099537,-0.5700565068475363,"QwenPRM_min_scores, GPM_scores, internlm_scores, EurusPRMStage1_max_scores, EurusPRMStage1_min_scores, QwenPRM_max_scores, EurusPRMStage2_max_scores, EurusPRMStage2_avg_scores, EurusPRMStage1_avg_scores, QwenPRM_avg_scores, GRM_scores, EurusPRMStage2_min_scores, GRMGemma_scores, GRMLlama32_scores, QRM_scores","7.0, 8.0, 0.0, 7.0, 7.0, 7.0, 7.0, 7.0, 7.0, 7.0, 8.0, 7.0, 2.0, 3.0, 8.0"
0,15,1.0,1.0,0.5,-3.319261408702104,-0.8200565068475363,"internlm_scores, EurusPRMStage1_max_scores, QwenPRM_min_scores, EurusPRMStage1_min_scores, QwenPRM_max_scores, GPM_scores, EurusPRMStage2_max_scores, EurusPRMStage2_avg_scores, EurusPRMStage1_avg_scores, QwenPRM_avg_scores, GRMGemma_scores, EurusPRMStage2_min_scores, GRMLlama32_scores, GRM_scores, QRM_scores","0.0, 7.0, 7.0, 7.0, 7.0, 8.0, 7.0, 7.0, 7.0, 7.0, 2.0, 7.0, 3.0, 8.0, 8.0"
0,15,1.0,1.0,1.0,-9.016690536301276,-1.2674856344467074,"internlm_scores, EurusPRMStage1_max_scores, QwenPRM_min_scores, GRMGemma_scores, EurusPRMStage1_min_scores, QwenPRM_max_scores, EurusPRMStage2_max_scores, EurusPRMStage2_avg_scores, EurusPRMStage1_avg_scores, QwenPRM_avg_scores, GRMLlama32_scores, GPM_scores, EurusPRMStage2_min_scores, GRM_scores, InternLM2Reward7B_scores","0.0, 7.0, 7.0, 2.0, 7.0, 7.0, 7.0, 7.0, 7.0, 7.0, 3.0, 8.0, 7.0, 8.0, 7.0"
1,5,1.0,0.25,0.25,2.8142495455753807,0.4762650012821774,"QwenPRM_min_scores, internlm_scores, EurusPRMStage1_avg_scores, QwenPRM_avg_scores, EurusPRMStage1_min_scores","7.0, 0.0, 7.0, 7.0, 7.0"
1,5,1.0,0.25,0.5,2.0879068135203873,0.30407249730675123,"internlm_scores, EurusPRMStage1_max_scores, QwenPRM_avg_scores, EurusPRMStage1_min_scores, QwenPRM_min_scores","0.0, 7.0, 7.0, 7.0, 7.0"
1,5,1.0,0.25,1.0,0.5488296556719138,-0.11489944926569162,"internlm_scores, GRMGemma_scores, EurusPRMStage1_max_scores, QwenPRM_avg_scores, EurusPRMStage1_min_scores","0.0, 2.0, 7.0, 7.0, 7.0"
1,5,1.0,0.5,0.25,2.393192134933246,0.33075735416406427,"QwenPRM_min_scores, internlm_scores, EurusPRMStage1_max_scores, EurusPRMStage1_min_scores, QwenPRM_avg_scores","7.0, 0.0, 7.0, 7.0, 7.0"
1,5,1.0,0.5,0.5,1.707007475696554,0.12205560167350338,"internlm_scores, EurusPRMStage1_max_scores, QwenPRM_avg_scores, EurusPRMStage1_min_scores, QwenPRM_min_scores","0.0, 7.0, 7.0, 7.0, 7.0"
1,5,1.0,0.5,1.0,0.21672859215172458,-0.23216933818930074,"internlm_scores, EurusPRMStage1_max_scores, GRMGemma_scores, QwenPRM_avg_scores, EurusPRMStage1_min_scores","0.0, 7.0, 2.0, 7.0, 7.0"
1,5,1.0,1.0,0.25,1.747951315499762,0.15032484879591979,"QwenPRM_min_scores, GRMGemma_scores, GPM_scores, EurusPRMStage1_max_scores, EurusPRMStage1_min_scores","7.0, 2.0, 8.0, 7.0, 7.0"
1,5,1.0,1.0,0.5,1.301665929802771,-0.19716052453053362,"internlm_scores, GPM_scores, EurusPRMStage1_avg_scores, QwenPRM_avg_scores, GRMGemma_scores","0.0, 8.0, 7.0, 7.0, 2.0"
1,5,1.0,1.0,1.0,-0.19833407019722876,-0.435431358581182,"internlm_scores, GPM_scores, EurusPRMStage1_avg_scores, GRMGemma_scores, QwenPRM_avg_scores","0.0, 8.0, 7.0, 2.0, 7.0"
1,10,1.0,0.25,0.25,4.70580391283111,0.30774261893915056,"QwenPRM_min_scores, internlm_scores, EurusPRMStage1_avg_scores, QwenPRM_avg_scores, EurusPRMStage1_min_scores, EurusPRMStage1_max_scores, EurusPRMStage2_max_scores, EurusPRMStage2_avg_scores, QwenPRM_max_scores, GRM_scores","7.0, 0.0, 7.0, 7.0, 7.0, 7.0, 7.0, 7.0, 7.0, 8.0"
1,10,1.0,0.25,0.5,3.0346866245359294,0.10920180389724521,"internlm_scores, EurusPRMStage1_max_scores, QwenPRM_avg_scores, EurusPRMStage1_min_scores, QwenPRM_min_scores, EurusPRMStage1_avg_scores, EurusPRMStage2_max_scores, GRMGemma_scores, EurusPRMStage2_avg_scores, QwenPRM_max_scores","0.0, 7.0, 7.0, 7.0, 7.0, 7.0, 7.0, 2.0, 7.0, 7.0"
1,10,1.0,0.25,1.0,-0.3837004087424024,-0.27437794679121397,"internlm_scores, GRMGemma_scores, EurusPRMStage1_max_scores, QwenPRM_avg_scores, EurusPRMStage1_min_scores, GRMLlama32_scores, QwenPRM_min_scores, EurusPRMStage1_avg_scores, EurusPRMStage2_max_scores, EurusPRMStage2_avg_scores","0.0, 2.0, 7.0, 7.0, 7.0, 3.0, 7.0, 7.0, 7.0, 7.0"
1,10,1.0,0.5,0.25,3.5080238201338725,0.15819011209929001,"QwenPRM_min_scores, internlm_scores, EurusPRMStage1_max_scores, EurusPRMStage1_min_scores, QwenPRM_avg_scores, EurusPRMStage1_avg_scores, EurusPRMStage2_max_scores, EurusPRMStage2_avg_scores, QwenPRM_max_scores, GRM_scores","7.0, 0.0, 7.0, 7.0, 7.0, 7.0, 7.0, 7.0, 7.0, 8.0"
1,10,1.0,0.5,0.5,1.857925766926565,-0.05463194808960187,"internlm_scores, EurusPRMStage1_max_scores, QwenPRM_avg_scores, EurusPRMStage1_min_scores, QwenPRM_min_scores, EurusPRMStage1_avg_scores, GRMGemma_scores, EurusPRMStage2_max_scores, EurusPRMStage2_avg_scores, QwenPRM_max_scores","0.0, 7.0, 7.0, 7.0, 7.0, 7.0, 2.0, 7.0, 7.0, 7.0"
1,10,1.0,0.5,1.0,-1.6234337463389195,-0.428373097785676,"internlm_scores, EurusPRMStage1_max_scores, GRMGemma_scores, QwenPRM_avg_scores, EurusPRMStage1_min_scores, QwenPRM_min_scores, GRMLlama32_scores, EurusPRMStage1_avg_scores, EurusPRMStage2_max_scores, EurusPRMStage2_avg_scores","0.0, 7.0, 2.0, 7.0, 7.0, 7.0, 3.0, 7.0, 7.0, 7.0"
1,10,1.0,1.0,0.25,1.7505661557009196,-0.07357036257432847,"QwenPRM_min_scores, GRMGemma_scores, GPM_scores, EurusPRMStage1_max_scores, EurusPRMStage1_min_scores, internlm_scores, QwenPRM_max_scores, QwenPRM_avg_scores, EurusPRMStage2_max_scores, EurusPRMStage1_avg_scores","7.0, 2.0, 8.0, 7.0, 7.0, 0.0, 7.0, 7.0, 7.0, 7.0"
1,10,1.0,1.0,0.5,-0.02330776566094428,-0.3277930858150143,"internlm_scores, GPM_scores, EurusPRMStage1_avg_scores, QwenPRM_avg_scores, GRMGemma_scores, EurusPRMStage2_max_scores, EurusPRMStage2_min_scores, QwenPRM_min_scores, EurusPRMStage1_min_scores, EurusPRMStage1_max_scores","0.0, 8.0, 7.0, 7.0, 2.0, 7.0, 7.0, 7.0, 7.0, 7.0"
1,10,1.0,1.0,1.0,-3.7108077656609444,-0.7652930858150143,"internlm_scores, GPM_scores, EurusPRMStage1_avg_scores, GRMGemma_scores, QwenPRM_avg_scores, EurusPRMStage2_max_scores, EurusPRMStage2_min_scores, QwenPRM_min_scores, EurusPRMStage1_min_scores, EurusPRMStage1_max_scores","0.0, 8.0, 7.0, 2.0, 7.0, 7.0, 7.0, 7.0, 7.0, 7.0"
1,15,1.0,0.25,0.25,5.797744411404471,0.1595647706189134,"QwenPRM_min_scores, internlm_scores, EurusPRMStage1_avg_scores, QwenPRM_avg_scores, EurusPRMStage1_min_scores, EurusPRMStage1_max_scores, EurusPRMStage2_max_scores, EurusPRMStage2_avg_scores, QwenPRM_max_scores, GRM_scores, EurusPRMStage2_min_scores, GRMGemma_scores, GPM_scores, InternLM2Reward7B_scores, GRMLlama32_scores","7.0, 0.0, 7.0, 7.0, 7.0, 7.0, 7.0, 7.0, 7.0, 8.0, 7.0, 2.0, 8.0, 7.0, 3.0"
1,15,1.0,0.25,0.5,3.1363458388149743,-0.039146437464837425,"internlm_scores, EurusPRMStage1_max_scores, QwenPRM_avg_scores, EurusPRMStage1_min_scores, QwenPRM_min_scores, EurusPRMStage1_avg_scores, EurusPRMStage2_max_scores, GRMGemma_scores, EurusPRMStage2_avg_scores, QwenPRM_max_scores, GRMLlama32_scores, EurusPRMStage2_min_scores, GRM_scores, GPM_scores, InternLM2Reward7B_scores","0.0, 7.0, 7.0, 7.0, 7.0, 7.0, 7.0, 2.0, 7.0, 7.0, 3.0, 7.0, 8.0, 8.0, 7.0"
1,15,1.0,0.25,1.0,-2.5511541611850252,-0.5292742154126286,"internlm_scores, GRMGemma_scores, EurusPRMStage1_max_scores, QwenPRM_avg_scores, EurusPRMStage1_min_scores, GRMLlama32_scores, QwenPRM_min_scores, EurusPRMStage1_avg_scores, EurusPRMStage2_max_scores, EurusPRMStage2_avg_scores, QwenPRM_max_scores, EurusPRMStage2_min_scores, GRM_scores, InternLM2Reward7B_scores, GPM_scores","0.0, 2.0, 7.0, 7.0, 7.0, 3.0, 7.0, 7.0, 7.0, 7.0, 7.0, 7.0, 8.0, 7.0, 8.0"
1,15,1.0,0.5,0.25,3.694470009702014,-0.07007629848423969,"QwenPRM_min_scores, internlm_scores, EurusPRMStage1_max_scores, EurusPRMStage1_min_scores, QwenPRM_avg_scores, EurusPRMStage1_avg_scores, EurusPRMStage2_max_scores, EurusPRMStage2_avg_scores, QwenPRM_max_scores, GRM_scores, GPM_scores, GRMGemma_scores, EurusPRMStage2_min_scores, GRMLlama32_scores, InternLM2Reward7B_scores","7.0, 0.0, 7.0, 7.0, 7.0, 7.0, 7.0, 7.0, 7.0, 8.0, 8.0, 2.0, 7.0, 3.0, 7.0"
1,15,1.0,0.5,0.5,1.070547267030709,-0.2888262984842397,"internlm_scores, EurusPRMStage1_max_scores, QwenPRM_avg_scores, EurusPRMStage1_min_scores, QwenPRM_min_scores, EurusPRMStage1_avg_scores, GRMGemma_scores, EurusPRMStage2_max_scores, EurusPRMStage2_avg_scores, QwenPRM_max_scores, GRM_scores, GPM_scores, EurusPRMStage2_min_scores, GRMLlama32_scores, InternLM2Reward7B_scores","0.0, 7.0, 7.0, 7.0, 7.0, 7.0, 2.0, 7.0, 7.0, 7.0, 8.0, 8.0, 7.0, 3.0, 7.0"
1,15,1.0,0.5,1.0,-4.651521777085057,-0.7263262984842397,"internlm_scores, EurusPRMStage1_max_scores, GRMGemma_scores, QwenPRM_avg_scores, EurusPRMStage1_min_scores, QwenPRM_min_scores, GRMLlama32_scores, EurusPRMStage1_avg_scores, EurusPRMStage2_max_scores, EurusPRMStage2_avg_scores, QwenPRM_max_scores, EurusPRMStage2_min_scores, GPM_scores, GRM_scores, InternLM2Reward7B_scores","0.0, 7.0, 2.0, 7.0, 7.0, 7.0, 3.0, 7.0, 7.0, 7.0, 7.0, 7.0, 8.0, 8.0, 7.0"
1,15,1.0,1.0,0.25,0.17449526966524243,-0.5359584459754088,"QwenPRM_min_scores, GRMGemma_scores, GPM_scores, EurusPRMStage1_max_scores, EurusPRMStage1_min_scores, internlm_scores, QwenPRM_max_scores, QwenPRM_avg_scores, EurusPRMStage2_max_scores, EurusPRMStage1_avg_scores, EurusPRMStage2_avg_scores, GRM_scores, EurusPRMStage2_min_scores, GRMLlama32_scores, QRM_scores","7.0, 2.0, 8.0, 7.0, 7.0, 0.0, 7.0, 7.0, 7.0, 7.0, 7.0, 8.0, 7.0, 3.0, 8.0"
1,15,1.0,1.0,0.5,-2.6543502371245613,-0.7859584459754088,"internlm_scores, GPM_scores, EurusPRMStage1_avg_scores, QwenPRM_avg_scores, GRMGemma_scores, EurusPRMStage2_max_scores, EurusPRMStage2_min_scores, QwenPRM_min_scores, EurusPRMStage1_min_scores, EurusPRMStage1_max_scores, QwenPRM_max_scores, GRM_scores, EurusPRMStage2_avg_scores, GRMLlama32_scores, QRM_scores","0.0, 8.0, 7.0, 7.0, 2.0, 7.0, 7.0, 7.0, 7.0, 7.0, 7.0, 8.0, 7.0, 3.0, 8.0"
1,15,1.0,1.0,1.0,-8.41321589990373,-1.2256860205230442,"internlm_scores, GPM_scores, EurusPRMStage1_avg_scores, GRMGemma_scores, QwenPRM_avg_scores, EurusPRMStage2_max_scores, EurusPRMStage2_min_scores, QwenPRM_min_scores, EurusPRMStage1_min_scores, EurusPRMStage1_max_scores, GRMLlama32_scores, QwenPRM_max_scores, EurusPRMStage2_avg_scores, GRM_scores, InternLM2Reward7B_scores","0.0, 8.0, 7.0, 2.0, 7.0, 7.0, 7.0, 7.0, 7.0, 7.0, 3.0, 7.0, 7.0, 8.0, 7.0"
2,5,1.0,0.25,0.25,2.6363652378421785,0.4582860833257558,"QwenPRM_min_scores, EurusPRMStage1_min_scores, internlm_scores, EurusPRMStage1_max_scores, QwenPRM_avg_scores","7.0, 7.0, 0.0, 7.0, 7.0"
2,5,1.0,0.25,0.5,1.7719937247895496,0.23953608332575582,"internlm_scores, QwenPRM_min_scores, EurusPRMStage1_min_scores, EurusPRMStage1_max_scores, QwenPRM_avg_scores","0.0, 7.0, 7.0, 7.0, 7.0"
2,5,1.0,0.25,1.0,0.37179139298095887,-0.12677190037932862,"internlm_scores, GRMGemma_scores, QwenPRM_min_scores, GRMLlama32_scores, EurusPRMStage1_min_scores","0.0, 2.0, 7.0, 3.0, 7.0"
2,5,1.0,0.5,0.25,2.2156261035471223,0.30453540076164876,"QwenPRM_min_scores, internlm_scores, EurusPRMStage1_min_scores, EurusPRMStage1_max_scores, QwenPRM_max_scores","7.0, 0.0, 7.0, 7.0, 7.0"
2,5,1.0,0.5,0.5,1.4613155830990894,0.11710406762747338,"internlm_scores, EurusPRMStage1_max_scores, QwenPRM_avg_scores, EurusPRMStage1_min_scores, QwenPRM_min_scores","0.0, 7.0, 7.0, 7.0, 7.0"
2,5,1.0,0.5,1.0,-0.04224707499502878,-0.2500405433194607,"internlm_scores, EurusPRMStage1_max_scores, GRMGemma_scores, QwenPRM_avg_scores, EurusPRMStage1_min_scores","0.0, 7.0, 2.0, 7.0, 7.0"
2,5,1.0,1.0,0.25,1.6641332196876248,0.1596776704468989,"QwenPRM_min_scores, GRMLlama32_scores, EurusPRMStage1_min_scores, GPM_scores, QwenPRM_max_scores","7.0, 3.0, 7.0, 8.0, 7.0"
2,5,1.0,1.0,0.5,1.298071377577646,-0.2163553041221722,"internlm_scores, GPM_scores, EurusPRMStage1_avg_scores, QwenPRM_avg_scores, QwenPRM_min_scores","0.0, 8.0, 7.0, 7.0, 7.0"
2,5,1.0,1.0,1.0,-0.2483514873058822,-0.3877781690057003,"internlm_scores, GPM_scores, EurusPRMStage1_avg_scores, QwenPRM_avg_scores, GRMGemma_scores","0.0, 8.0, 7.0, 7.0, 2.0"
2,10,1.0,0.25,0.25,4.385237560058646,0.30630590970097826,"QwenPRM_min_scores, EurusPRMStage1_min_scores, internlm_scores, EurusPRMStage1_max_scores, QwenPRM_avg_scores, EurusPRMStage1_avg_scores, EurusPRMStage2_avg_scores, EurusPRMStage2_min_scores, EurusPRMStage2_max_scores, QwenPRM_max_scores","7.0, 7.0, 0.0, 7.0, 7.0, 7.0, 7.0, 7.0, 7.0, 7.0"
2,10,1.0,0.25,0.5,2.5475113361079216,0.09235631921902632,"internlm_scores, QwenPRM_min_scores, EurusPRMStage1_min_scores, EurusPRMStage1_max_scores, QwenPRM_avg_scores, EurusPRMStage1_avg_scores, GRMGemma_scores, EurusPRMStage2_avg_scores, EurusPRMStage2_min_scores, EurusPRMStage2_max_scores","0.0, 7.0, 7.0, 7.0, 7.0, 7.0, 2.0, 7.0, 7.0, 7.0"
2,10,1.0,0.25,1.0,-0.8485646714734595,-0.3229615327262856,"internlm_scores, GRMGemma_scores, QwenPRM_min_scores, GRMLlama32_scores, EurusPRMStage1_min_scores, EurusPRMStage1_max_scores, QwenPRM_avg_scores, EurusPRMStage1_avg_scores, EurusPRMStage2_avg_scores, EurusPRMStage2_min_scores","0.0, 2.0, 7.0, 3.0, 7.0, 7.0, 7.0, 7.0, 7.0, 7.0"
2,10,1.0,0.5,0.25,3.293881136231443,0.16004529529538292,"QwenPRM_min_scores, internlm_scores, EurusPRMStage1_min_scores, EurusPRMStage1_max_scores, QwenPRM_max_scores, QwenPRM_avg_scores, EurusPRMStage1_avg_scores, EurusPRMStage2_avg_scores, EurusPRMStage2_max_scores, GPM_scores","7.0, 0.0, 7.0, 7.0, 7.0, 7.0, 7.0, 7.0, 7.0, 8.0"
2,10,1.0,0.5,0.5,1.427229020896007,-0.055531311674441974,"internlm_scores, EurusPRMStage1_max_scores, QwenPRM_avg_scores, EurusPRMStage1_min_scores, QwenPRM_min_scores, GRMGemma_scores, EurusPRMStage1_avg_scores, EurusPRMStage2_avg_scores, EurusPRMStage2_max_scores, QwenPRM_max_scores","0.0, 7.0, 7.0, 7.0, 7.0, 2.0, 7.0, 7.0, 7.0, 7.0"
2,10,1.0,0.5,1.0,-2.041368371746202,-0.4855666936767305,"internlm_scores, EurusPRMStage1_max_scores, GRMGemma_scores, QwenPRM_avg_scores, EurusPRMStage1_min_scores, QwenPRM_min_scores, GRMLlama32_scores, EurusPRMStage1_avg_scores, EurusPRMStage2_avg_scores, EurusPRMStage2_max_scores","0.0, 7.0, 2.0, 7.0, 7.0, 7.0, 3.0, 7.0, 7.0, 7.0"
2,10,1.0,1.0,0.25,1.5626658561077735,-0.10345925387248966,"QwenPRM_min_scores, GRMLlama32_scores, EurusPRMStage1_min_scores, GPM_scores, QwenPRM_max_scores, EurusPRMStage1_max_scores, internlm_scores, EurusPRMStage2_avg_scores, QwenPRM_avg_scores, EurusPRMStage1_avg_scores","7.0, 3.0, 7.0, 8.0, 7.0, 7.0, 0.0, 7.0, 7.0, 7.0"
2,10,1.0,1.0,0.5,-0.09589438266365224,-0.3417057544252825,"internlm_scores, GPM_scores, EurusPRMStage1_avg_scores, QwenPRM_avg_scores, QwenPRM_min_scores, EurusPRMStage2_max_scores, EurusPRMStage2_min_scores, GRMGemma_scores, EurusPRMStage1_min_scores, QwenPRM_max_scores","0.0, 8.0, 7.0, 7.0, 7.0, 7.0, 7.0, 2.0, 7.0, 7.0"
2,10,1.0,1.0,1.0,-3.7816353644636145,-0.7774467362252448,"internlm_scores, GPM_scores, EurusPRMStage1_avg_scores, QwenPRM_avg_scores, GRMGemma_scores, QwenPRM_min_scores, EurusPRMStage2_max_scores, EurusPRMStage2_min_scores, EurusPRMStage1_min_scores, GRMLlama32_scores","0.0, 8.0, 7.0, 7.0, 2.0, 7.0, 7.0, 7.0, 7.0, 3.0"
2,15,1.0,0.25,0.25,5.283981679444517,0.10321451009329408,"QwenPRM_min_scores, EurusPRMStage1_min_scores, internlm_scores, EurusPRMStage1_max_scores, QwenPRM_avg_scores, EurusPRMStage1_avg_scores, EurusPRMStage2_avg_scores, EurusPRMStage2_min_scores, EurusPRMStage2_max_scores, QwenPRM_max_scores, GRMGemma_scores, GPM_scores, GRMLlama32_scores, GRM_scores, InternLM2Reward7B_scores","7.0, 7.0, 0.0, 7.0, 7.0, 7.0, 7.0, 7.0, 7.0, 7.0, 2.0, 8.0, 3.0, 8.0, 7.0"
2,15,1.0,0.25,0.5,2.4508601663918883,-0.12891173738313383,"internlm_scores, QwenPRM_min_scores, EurusPRMStage1_min_scores, EurusPRMStage1_max_scores, QwenPRM_avg_scores, EurusPRMStage1_avg_scores, GRMGemma_scores, EurusPRMStage2_avg_scores, EurusPRMStage2_min_scores, EurusPRMStage2_max_scores, QwenPRM_max_scores, GRMLlama32_scores, GPM_scores, InternLM2Reward7B_scores, GRM_scores","0.0, 7.0, 7.0, 7.0, 7.0, 7.0, 2.0, 7.0, 7.0, 7.0, 7.0, 3.0, 8.0, 7.0, 8.0"
2,15,1.0,0.25,1.0,-3.2366398336081126,-0.6289117373831339,"internlm_scores, GRMGemma_scores, QwenPRM_min_scores, GRMLlama32_scores, EurusPRMStage1_min_scores, EurusPRMStage1_max_scores, QwenPRM_avg_scores, EurusPRMStage1_avg_scores, EurusPRMStage2_avg_scores, EurusPRMStage2_min_scores, EurusPRMStage2_max_scores, QwenPRM_max_scores, GPM_scores, InternLM2Reward7B_scores, GRM_scores","0.0, 2.0, 7.0, 3.0, 7.0, 7.0, 7.0, 7.0, 7.0, 7.0, 7.0, 7.0, 8.0, 7.0, 8.0"
2,15,1.0,0.5,0.25,3.296679964171315,-0.14645379993519198,"QwenPRM_min_scores, internlm_scores, EurusPRMStage1_min_scores, EurusPRMStage1_max_scores, QwenPRM_max_scores, QwenPRM_avg_scores, EurusPRMStage1_avg_scores, EurusPRMStage2_avg_scores, EurusPRMStage2_max_scores, GPM_scores, EurusPRMStage2_min_scores, GRMGemma_scores, GRMLlama32_scores, GRM_scores, InternLM2Reward7B_scores","7.0, 0.0, 7.0, 7.0, 7.0, 7.0, 7.0, 7.0, 7.0, 8.0, 7.0, 2.0, 3.0, 8.0, 7.0"
2,15,1.0,0.5,0.5,0.44528173459790726,-0.365203799935192,"internlm_scores, EurusPRMStage1_max_scores, QwenPRM_avg_scores, EurusPRMStage1_min_scores, QwenPRM_min_scores, GRMGemma_scores, EurusPRMStage1_avg_scores, EurusPRMStage2_avg_scores, EurusPRMStage2_max_scores, QwenPRM_max_scores, EurusPRMStage2_min_scores, GPM_scores, GRMLlama32_scores, GRM_scores, InternLM2Reward7B_scores","0.0, 7.0, 7.0, 7.0, 7.0, 2.0, 7.0, 7.0, 7.0, 7.0, 7.0, 8.0, 3.0, 8.0, 7.0"
2,15,1.0,0.5,1.0,-5.242218265402093,-0.8129423208065396,"internlm_scores, EurusPRMStage1_max_scores, GRMGemma_scores, QwenPRM_avg_scores, EurusPRMStage1_min_scores, QwenPRM_min_scores, GRMLlama32_scores, EurusPRMStage1_avg_scores, EurusPRMStage2_avg_scores, EurusPRMStage2_max_scores, QwenPRM_max_scores, EurusPRMStage2_min_scores, GPM_scores, InternLM2Reward7B_scores, GRM_scores","0.0, 7.0, 2.0, 7.0, 7.0, 7.0, 3.0, 7.0, 7.0, 7.0, 7.0, 7.0, 8.0, 7.0, 8.0"
2,15,1.0,1.0,0.25,-0.2320460923795461,-0.5998239990701644,"QwenPRM_min_scores, GRMLlama32_scores, EurusPRMStage1_min_scores, GPM_scores, QwenPRM_max_scores, EurusPRMStage1_max_scores, internlm_scores, EurusPRMStage2_avg_scores, QwenPRM_avg_scores, EurusPRMStage1_avg_scores, EurusPRMStage2_max_scores, EurusPRMStage2_min_scores, GRM_scores, GRMGemma_scores, QRM_scores","7.0, 3.0, 7.0, 8.0, 7.0, 7.0, 0.0, 7.0, 7.0, 7.0, 7.0, 7.0, 8.0, 2.0, 8.0"
2,15,1.0,1.0,0.5,-2.999301884166841,-0.8498239990701644,"internlm_scores, GPM_scores, EurusPRMStage1_avg_scores, QwenPRM_avg_scores, QwenPRM_min_scores, EurusPRMStage2_max_scores, EurusPRMStage2_min_scores, GRMGemma_scores, EurusPRMStage1_min_scores, QwenPRM_max_scores, EurusPRMStage1_max_scores, EurusPRMStage2_avg_scores, GRMLlama32_scores, GRM_scores, QRM_scores","0.0, 8.0, 7.0, 7.0, 7.0, 7.0, 7.0, 2.0, 7.0, 7.0, 7.0, 7.0, 3.0, 8.0, 8.0"
2,15,1.0,1.0,1.0,-8.70151830508884,-1.302040419992164,"internlm_scores, GPM_scores, EurusPRMStage1_avg_scores, QwenPRM_avg_scores, GRMGemma_scores, QwenPRM_min_scores, EurusPRMStage2_max_scores, EurusPRMStage2_min_scores, EurusPRMStage1_min_scores, GRMLlama32_scores, QwenPRM_max_scores, EurusPRMStage1_max_scores, EurusPRMStage2_avg_scores, GRM_scores, InternLM2Reward7B_scores","0.0, 8.0, 7.0, 7.0, 2.0, 7.0, 7.0, 7.0, 7.0, 3.0, 7.0, 7.0, 7.0, 8.0, 7.0"
3,5,1.0,0.25,0.25,2.6331681369266944,0.44708082656342896,"EurusPRMStage1_avg_scores, internlm_scores, EurusPRMStage1_max_scores, EurusPRMStage1_min_scores, QwenPRM_min_scores","7.0, 0.0, 7.0, 7.0, 7.0"
3,5,1.0,0.25,0.5,1.912810489288036,0.2709119486566982,"internlm_scores, EurusPRMStage1_max_scores, EurusPRMStage1_min_scores, GRMGemma_scores, EurusPRMStage1_avg_scores","0.0, 7.0, 7.0, 2.0, 7.0"
3,5,1.0,0.25,1.0,0.609348366926673,-0.10729987936062446,"internlm_scores, GRMGemma_scores, GRMLlama32_scores, EurusPRMStage1_max_scores, EurusPRMStage1_min_scores","0.0, 2.0, 3.0, 7.0, 7.0"
3,5,1.0,0.5,0.25,2.175337836595514,0.29204228472037186,"EurusPRMStage1_avg_scores, internlm_scores, QwenPRM_avg_scores, EurusPRMStage1_max_scores, EurusPRMStage1_min_scores","7.0, 0.0, 7.0, 7.0, 7.0"
3,5,1.0,0.5,0.5,1.5199468051485214,0.1428063727654198,"internlm_scores, EurusPRMStage1_max_scores, EurusPRMStage1_min_scores, QwenPRM_avg_scores, GRMGemma_scores","0.0, 7.0, 7.0, 7.0, 2.0"
3,5,1.0,0.5,1.0,0.1188516367687566,-0.2514718392249515,"internlm_scores, GRMGemma_scores, EurusPRMStage1_max_scores, EurusPRMStage1_min_scores, GRMLlama32_scores","0.0, 2.0, 7.0, 7.0, 3.0"
3,5,1.0,1.0,0.25,1.6271043980515199,0.04417354766314785,"EurusPRMStage1_avg_scores, internlm_scores, GPM_scores, QwenPRM_avg_scores, EurusPRMStage1_max_scores","7.0, 0.0, 8.0, 7.0, 7.0"
3,5,1.0,1.0,0.5,1.337784754534722,0.0245499340792924,"internlm_scores, GPM_scores, EurusPRMStage1_max_scores, EurusPRMStage1_min_scores, QwenPRM_max_scores","0.0, 8.0, 7.0, 7.0, 7.0"
3,5,1.0,1.0,1.0,-0.33499437407257737,-0.41115434838739795,"internlm_scores, GPM_scores, EurusPRMStage1_max_scores, GRMGemma_scores, EurusPRMStage1_min_scores","0.0, 8.0, 7.0, 2.0, 7.0"
3,10,1.0,0.25,0.25,4.326447907383263,0.3098143430084439,"EurusPRMStage1_avg_scores, internlm_scores, EurusPRMStage1_max_scores, EurusPRMStage1_min_scores, QwenPRM_min_scores, QwenPRM_avg_scores, GRMGemma_scores, EurusPRMStage2_min_scores, EurusPRMStage2_avg_scores, EurusPRMStage2_max_scores","7.0, 0.0, 7.0, 7.0, 7.0, 7.0, 2.0, 7.0, 7.0, 7.0"
3,10,1.0,0.25,0.5,2.6724824131827907,0.10315801421526583,"internlm_scores, EurusPRMStage1_max_scores, EurusPRMStage1_min_scores, GRMGemma_scores, EurusPRMStage1_avg_scores, QwenPRM_min_scores, GRMLlama32_scores, QwenPRM_avg_scores, EurusPRMStage2_min_scores, EurusPRMStage2_avg_scores","0.0, 7.0, 7.0, 2.0, 7.0, 7.0, 3.0, 7.0, 7.0, 7.0"
3,10,1.0,0.25,1.0,-0.702517586817209,-0.3343419857847342,"internlm_scores, GRMGemma_scores, GRMLlama32_scores, EurusPRMStage1_max_scores, EurusPRMStage1_min_scores, EurusPRMStage1_avg_scores, QwenPRM_min_scores, QwenPRM_avg_scores, EurusPRMStage2_min_scores, EurusPRMStage2_avg_scores","0.0, 2.0, 3.0, 7.0, 7.0, 7.0, 7.0, 7.0, 7.0, 7.0"
3,10,1.0,0.5,0.25,3.1466173645608633,0.168463312436259,"EurusPRMStage1_avg_scores, internlm_scores, QwenPRM_avg_scores, EurusPRMStage1_max_scores, EurusPRMStage1_min_scores, QwenPRM_min_scores, GRMGemma_scores, EurusPRMStage2_max_scores, QwenPRM_max_scores, EurusPRMStage2_min_scores","7.0, 0.0, 7.0, 7.0, 7.0, 7.0, 2.0, 7.0, 7.0, 7.0"
3,10,1.0,0.5,0.5,1.5027355795411848,-0.050286687563740995,"internlm_scores, EurusPRMStage1_max_scores, EurusPRMStage1_min_scores, QwenPRM_avg_scores, GRMGemma_scores, EurusPRMStage1_avg_scores, QwenPRM_min_scores, EurusPRMStage2_max_scores, QwenPRM_max_scores, EurusPRMStage2_min_scores","0.0, 7.0, 7.0, 7.0, 2.0, 7.0, 7.0, 7.0, 7.0, 7.0"
3,10,1.0,0.5,1.0,-1.8859495721200257,-0.48581098821557145,"internlm_scores, GRMGemma_scores, EurusPRMStage1_max_scores, EurusPRMStage1_min_scores, GRMLlama32_scores, QwenPRM_avg_scores, EurusPRMStage1_avg_scores, QwenPRM_min_scores, EurusPRMStage2_max_scores, QwenPRM_max_scores","0.0, 2.0, 7.0, 7.0, 3.0, 7.0, 7.0, 7.0, 7.0, 7.0"
3,10,1.0,1.0,0.25,1.3080301478057907,-0.08572919452800687,"EurusPRMStage1_avg_scores, internlm_scores, GPM_scores, QwenPRM_avg_scores, EurusPRMStage1_max_scores, EurusPRMStage2_max_scores, QwenPRM_max_scores, EurusPRMStage1_min_scores, QwenPRM_min_scores, GRMGemma_scores","7.0, 0.0, 8.0, 7.0, 7.0, 7.0, 7.0, 7.0, 7.0, 2.0"
3,10,1.0,1.0,0.5,0.263401554170418,-0.333816498726934,"internlm_scores, GPM_scores, EurusPRMStage1_max_scores, EurusPRMStage1_min_scores, QwenPRM_max_scores, QwenPRM_min_scores, GRMGemma_scores, EurusPRMStage2_max_scores, EurusPRMStage1_avg_scores, QwenPRM_avg_scores","0.0, 8.0, 7.0, 7.0, 7.0, 7.0, 2.0, 7.0, 7.0, 7.0"
3,10,1.0,1.0,1.0,-3.3420971173681733,-0.7038770397351941,"internlm_scores, GPM_scores, EurusPRMStage1_max_scores, GRMGemma_scores, EurusPRMStage1_min_scores, QwenPRM_max_scores, QwenPRM_min_scores, EurusPRMStage2_max_scores, GRMLlama32_scores, EurusPRMStage1_avg_scores","0.0, 8.0, 7.0, 2.0, 7.0, 7.0, 7.0, 7.0, 3.0, 7.0"
3,15,1.0,0.25,0.25,5.371100409454579,0.1589648325037657,"EurusPRMStage1_avg_scores, internlm_scores, EurusPRMStage1_max_scores, EurusPRMStage1_min_scores, QwenPRM_min_scores, QwenPRM_avg_scores, GRMGemma_scores, EurusPRMStage2_min_scores, EurusPRMStage2_avg_scores, EurusPRMStage2_max_scores, QwenPRM_max_scores, GRMLlama32_scores, GRM_scores, GPM_scores, InternLM2Reward7B_scores","7.0, 0.0, 7.0, 7.0, 7.0, 7.0, 2.0, 7.0, 7.0, 7.0, 7.0, 3.0, 8.0, 8.0, 7.0"
3,15,1.0,0.25,0.5,2.6219994319672155,-0.07448041200465205,"internlm_scores, EurusPRMStage1_max_scores, EurusPRMStage1_min_scores, GRMGemma_scores, EurusPRMStage1_avg_scores, QwenPRM_min_scores, GRMLlama32_scores, QwenPRM_avg_scores, EurusPRMStage2_min_scores, EurusPRMStage2_avg_scores, EurusPRMStage2_max_scores, QwenPRM_max_scores, InternLM2Reward7B_scores, GRM_scores, GPM_scores","0.0, 7.0, 7.0, 2.0, 7.0, 7.0, 3.0, 7.0, 7.0, 7.0, 7.0, 7.0, 7.0, 8.0, 8.0"
3,15,1.0,0.25,1.0,-3.0655005680327845,-0.574480412004652,"internlm_scores, GRMGemma_scores, GRMLlama32_scores, EurusPRMStage1_max_scores, EurusPRMStage1_min_scores, EurusPRMStage1_avg_scores, QwenPRM_min_scores, QwenPRM_avg_scores, EurusPRMStage2_min_scores, EurusPRMStage2_avg_scores, EurusPRMStage2_max_scores, QwenPRM_max_scores, InternLM2Reward7B_scores, GRM_scores, GPM_scores","0.0, 2.0, 3.0, 7.0, 7.0, 7.0, 7.0, 7.0, 7.0, 7.0, 7.0, 7.0, 7.0, 8.0, 8.0"
3,15,1.0,0.5,0.25,3.380674822530844,-0.06670668449426032,"EurusPRMStage1_avg_scores, internlm_scores, QwenPRM_avg_scores, EurusPRMStage1_max_scores, EurusPRMStage1_min_scores, QwenPRM_min_scores, GRMGemma_scores, EurusPRMStage2_max_scores, QwenPRM_max_scores, EurusPRMStage2_min_scores, EurusPRMStage2_avg_scores, GPM_scores, GRMLlama32_scores, GRM_scores, QRM_scores","7.0, 0.0, 7.0, 7.0, 7.0, 7.0, 2.0, 7.0, 7.0, 7.0, 7.0, 8.0, 3.0, 8.0, 8.0"
3,15,1.0,0.5,0.5,0.6816202071441364,-0.30937951486128873,"internlm_scores, EurusPRMStage1_max_scores, EurusPRMStage1_min_scores, QwenPRM_avg_scores, GRMGemma_scores, EurusPRMStage1_avg_scores, QwenPRM_min_scores, EurusPRMStage2_max_scores, QwenPRM_max_scores, EurusPRMStage2_min_scores, GRMLlama32_scores, EurusPRMStage2_avg_scores, GPM_scores, GRM_scores, InternLM2Reward7B_scores","0.0, 7.0, 7.0, 7.0, 2.0, 7.0, 7.0, 7.0, 7.0, 7.0, 3.0, 7.0, 8.0, 8.0, 7.0"
3,15,1.0,0.5,1.0,-5.005879792855864,-0.7468795148612888,"internlm_scores, GRMGemma_scores, EurusPRMStage1_max_scores, EurusPRMStage1_min_scores, GRMLlama32_scores, QwenPRM_avg_scores, EurusPRMStage1_avg_scores, QwenPRM_min_scores, EurusPRMStage2_max_scores, QwenPRM_max_scores, EurusPRMStage2_min_scores, EurusPRMStage2_avg_scores, GPM_scores, GRM_scores, InternLM2Reward7B_scores","0.0, 2.0, 7.0, 7.0, 3.0, 7.0, 7.0, 7.0, 7.0, 7.0, 7.0, 7.0, 8.0, 8.0, 7.0"
3,15,1.0,1.0,0.25,-0.3471994980627947,-0.47319960447723974,"EurusPRMStage1_avg_scores, internlm_scores, GPM_scores, QwenPRM_avg_scores, EurusPRMStage1_max_scores, EurusPRMStage2_max_scores, QwenPRM_max_scores, EurusPRMStage1_min_scores, QwenPRM_min_scores, GRMGemma_scores, EurusPRMStage2_min_scores, EurusPRMStage2_avg_scores, GRM_scores, GRMLlama32_scores, QRM_scores","7.0, 0.0, 8.0, 7.0, 7.0, 7.0, 7.0, 7.0, 7.0, 2.0, 7.0, 7.0, 8.0, 3.0, 8.0"
3,15,1.0,1.0,0.5,-2.4235206787366135,-0.7231996044772397,"internlm_scores, GPM_scores, EurusPRMStage1_max_scores, EurusPRMStage1_min_scores, QwenPRM_max_scores, QwenPRM_min_scores, GRMGemma_scores, EurusPRMStage2_max_scores, EurusPRMStage1_avg_scores, QwenPRM_avg_scores, EurusPRMStage2_min_scores, EurusPRMStage2_avg_scores, GRMLlama32_scores, GRM_scores, QRM_scores","0.0, 8.0, 7.0, 7.0, 7.0, 7.0, 2.0, 7.0, 7.0, 7.0, 7.0, 7.0, 3.0, 8.0, 8.0"
3,15,1.0,1.0,1.0,-8.173520678736613,-1.2231996044772397,"internlm_scores, GPM_scores, EurusPRMStage1_max_scores, GRMGemma_scores, EurusPRMStage1_min_scores, QwenPRM_max_scores, QwenPRM_min_scores, EurusPRMStage2_max_scores, GRMLlama32_scores, EurusPRMStage1_avg_scores, QwenPRM_avg_scores, EurusPRMStage2_min_scores, EurusPRMStage2_avg_scores, GRM_scores, QRM_scores","0.0, 8.0, 7.0, 2.0, 7.0, 7.0, 7.0, 7.0, 3.0, 7.0, 7.0, 7.0, 7.0, 8.0, 8.0"
